weekday,weekday_name,station_id,station_name,network_name,state_code,PM2.5,PM10,O3,NO2,NOx,CO
0.0,Lunes,32,Secretaría de Medio Ambiente,Aguascalientes,0.0,111.33446321757216,92.39572914912988,1.0725513447797395,1.2703321281201347,1.6625661010816857,1.0525550976811593
0.0,Lunes,33,Centro,Aguascalientes,1.0,62.59839048712967,69.87964608504353,3.710930247900633,5.31708303906717,7.825128800421303,1.353177955432224
0.0,Lunes,53,SUR,Chihuahua,8.0,23.77737982601493,52.92956134015593,0.029388058926146956,0.011904435668796462,0.018418275958220813,0.9776237513199307
0.0,Lunes,56,CONALEP,Torreón,5.0,19.08388610725566,56.97985513069874,0.020206736261328833,0.007100789835327879,0.026462191250977343,25.03546319517853
0.0,Lunes,59,IPN,Durango,10.0,21.126025329608417,67.9999046604938,0.3878777980134296,0.01738778711050425,0.03169990415267569,2.020667503973977
0.0,Lunes,60,SRNyMA,Durango,10.0,30.120379297605236,32.46108625826708,0.015516291606636218,0.010538452311598412,0.06462148142733128,2.0002271592915584
0.0,Lunes,68,Policía,Celaya,0.0,17.14615572886108,66.25899193535285,0.02797915170502742,0.014418348436959435,0.02114053864729215,1.12770174810383
0.0,Lunes,70,San Juanico,Celaya,0.0,26.046167582362976,77.71156821842708,0.029133664767216263,0.01402279936536065,0.029446349814746333,1.322989590108717
0.0,Lunes,72,Bomberos,Irapuato,0.0,18.32685823857136,52.96527557864717,0.02978544093717708,0.013129496300970342,0.03068588556885611,1.4360783856524457
0.0,Lunes,73,Teódula,Irapuato,0.0,20.718071733440517,54.226463645839345,0.03295554698337722,0.013319425047666218,0.027724018205899266,1.006480766062442
0.0,Lunes,74,CICEG - Bomberos,León,0.0,28.157952842468358,61.98532061903203,0.02569864397409256,0.01813906788673946,0.031674631857760434,1.1863516972473651
0.0,Lunes,75,Facultad de Medicina,León,0.0,18.708719413249753,51.63592817065257,0.027308687263748292,0.020034413676815754,0.038194757494426836,0.7612922871603364
0.0,Lunes,77,Cruz roja,Salamanca,0.0,21.55547599848033,46.41148747705582,0.023916703190414813,0.015916777402280036,0.025362735904660084,1.258079705701681
0.0,Lunes,78,DIF,Salamanca,0.0,21.440398219473213,51.100545632349316,0.026321042816484168,0.013887319709629888,0.026866598177117288,0.8717088520582198
0.0,Lunes,82,Centro de Salud,Atitalaquia,13.0,20.21680842712823,68.06525545283463,0.02059803822731996,0.013997774019852178,0.05337889601421194,0.8948916763385296
0.0,Lunes,84,Estación de Bomberos de Cd. Sahagún,Tepeapulco,13.0,106.7806008278862,174.07425590600528,0.027959760117784883,0.007888454168382629,0.017101379031929122,0.6108215228640578
0.0,Lunes,85,Hospital,Huichapan,13.0,82.82767144554906,87.13174590323419,0.030400323286182168,0.008500637013890143,0.01465748546237429,0.43041406281452205
0.0,Lunes,87,Primaria Melchor Ocampo,Tepeji,0.0,19.505471121622133,36.992707596273064,0.021568228657674,0.01298227727498688,0.02540987025755419,0.6959071536928262
0.0,Lunes,92,Jardín del Maestro,Pachuca,13.0,20.95547432155299,20.73919003855679,0.03237274660976785,0.010465715424497486,0.021248276410571566,1.043647004526428
0.0,Lunes,93,Museo del Rehilete,Pachuca,13.0,16.921908755419985,31.93860420459683,0.028834713854646837,0.010122219791063314,0.016805690841545425,0.4536307132551659
0.0,Lunes,102,Centro,Guadalajara,0.0,26.23473119381932,36.99619336116178,0.025848099988921226,0.02105258130123219,0.03163336681208512,0.7336475479729194
0.0,Lunes,103,Las Águilas,Guadalajara,0.0,26.845912783685762,30.50854722546289,0.027651499184894332,0.024112284023152027,0.03467330252010466,0.8678762040988879
0.0,Lunes,106,Miravalle,Guadalajara,0.0,31.419300904766903,61.08013492395504,0.024631178103454155,0.023575112436970126,0.037047220108053405,0.9473535754542779
0.0,Lunes,109,Tlaquepaque,Guadalajara,0.0,29.059392094377543,45.600617600799296,0.026006228187950294,0.0221736171279529,0.03716318273652475,1.12073358036606
0.0,Lunes,123,Ceboruco,Toluca,0.0,28.893131413718606,57.26854833376573,0.029378808271695256,0.024356624474559208,0.04401040149781565,1.0245587425071168
0.0,Lunes,125,Metepec,Toluca,0.0,30.4708123587563,53.561125758756724,0.028821879820732484,0.023613423435248335,0.039972461206110484,0.8808116292918937
0.0,Lunes,126,Oxtotitlán,Toluca,0.0,30.09142283208286,54.25116832709996,0.027354706655268186,0.023327243542392084,0.04248406450997947,0.9710196735540191
0.0,Lunes,128,San Mateo Atenco,Toluca,0.0,36.58106382572202,61.79799040775566,0.026097338418106113,0.027844204327680956,0.06508892535952499,0.9295225775543331
0.0,Lunes,129,Universidad Michoacana de San Nicolás Hidalgo,Morelia,0.0,22.36199189095928,38.162227555384085,1.7146310848585706,0.8380148742817813,1.2116172189127647,2.9393296769929673
0.0,Lunes,134,Cuernavaca 01,Cuernavaca,17.0,34.86342574058963,39.22990073221614,0.028455436373699055,0.01547136639396251,0.04397372740952377,0.6780478472861725
0.0,Lunes,136,Tecnológico de Tepic,Tepic,18.0,41.54099963756175,61.233744268949145,0.023686869683092464,0.007529648075821634,0.021361853445774587,0.5569400205643631
0.0,Lunes,137,Primaria Julián Gascón Mercado,Tepic,0.0,12.793214912326077,36.75009415492152,0.021081584643272738,0.010803571102817435,0.020797933113721884,0.6199457972213848
0.0,Lunes,139,Santa Catarina,Monterrey,19.0,25.88643579276143,75.82195971485838,0.023113701845960614,0.015682701585479287,0.027711690665308084,1.1527493155356159
0.0,Lunes,140,San Bernabé,Monterrey,19.0,23.26768076635585,70.954947548985,0.02684393007609129,0.012345984884050823,0.018762500685578613,1.0354944790641025
0.0,Lunes,141,Obispado,Monterrey,19.0,21.95424045144332,57.531263767733414,0.023773704783141933,0.013267918165809148,0.02106105626392308,1.5236974948690212
0.0,Lunes,142,San Nicolás,Monterrey,19.0,24.088368306664986,64.84671442567094,0.022182722952086037,0.014703091397186552,0.020397627185397997,1.3899657993908634
0.0,Lunes,143,La Pastora,Monterrey,19.0,18.271668482716585,53.86490676440878,0.02576909335724856,0.013523982516317559,0.0171452585316076,1.4707895630077308
0.0,Lunes,145,García,Monterrey,19.0,20.51520411400026,78.98748989671664,0.02679408182741101,0.007878076283164837,0.02025609997383037,1.2668679976456292
0.0,Lunes,146,Apodaca,Monterrey,19.0,24.777136204498376,58.93515867973703,0.022353957434115834,0.016797487091426703,0.018002291326141413,1.120198246568755
0.0,Lunes,147,Juárez,Monterrey,19.0,19.38369783256334,58.71814572810411,0.022463153374180717,0.01090024009985081,0.04425066370662687,1.3841997859309956
0.0,Lunes,148,San Pedro,Monterrey,19.0,18.90958072428428,59.68485381822665,0.023058641492540916,0.01146589014102832,0.021399892244032825,1.4472904756269862
0.0,Lunes,160,CEDART,Oaxaca,20.0,89.25429590448157,34.338334864514536,0.021894153820816827,0.019475737088894697,0.028684352199584408,0.9761927108940263
0.0,Lunes,161,Agua Santa,Puebla,21.0,18.857358331077492,41.116189437521754,0.017134972930273922,0.01621671456031782,0.047647172599816635,1.4229031003840686
0.0,Lunes,162,Las Ninfas,Puebla,21.0,21.04161270477286,56.97484678685632,0.019946191577392733,0.016952183217993123,0.027071470961797253,1.4513457901961986
0.0,Lunes,163,Benemérito Instituto Normal del Estado,Puebla,0.0,19.358771825822807,38.75273767706091,0.019427531717096682,0.01341967371124098,0.021849712295788415,1.477090353355168
0.0,Lunes,220,Palacio de Gobierno,Tlaxcala,29.0,93.20365914427921,256.2274007905187,0.3404309060994171,0.26627485082095137,0.41265485227786697,1.2132494068713453
0.0,Lunes,234,Tecnológico,Minatitlán,30.0,72.29949873895494,105.53986294093572,0.028257113811010873,0.008094402566334221,0.026569456524581585,0.6288014717685244
0.0,Lunes,241,Ajusco,Valle de México,9.0,18.29000498420371,,0.03500909329476187,,,
0.0,Lunes,242,Ajusco Medio,Valle de México,9.0,18.65198947684881,32.39035138908742,0.04050424964574512,0.017343402251784008,0.02177112223842533,0.5734601532293853
0.0,Lunes,244,Camarones,Valle de México,9.0,25.03772456825474,46.94863927017691,0.025722629313241346,0.03142122510666829,0.050885911783663904,0.7984782316590097
0.0,Lunes,245,Centro de Ciencias de la Atmósfera,Valle de México,9.0,18.404349826553013,,0.034041473788388364,0.02310803824611335,0.03140179137593283,0.6372742199742587
0.0,Lunes,251,Hospital General de México,Valle de México,9.0,24.419951184825923,43.19843034115798,0.029526883765503494,0.030559632337123114,0.04338296072505112,0.8215283701939128
0.0,Lunes,256,Merced,Valle de México,9.0,24.460574482712715,50.063110218129964,0.026197427230623026,0.03379786277463139,0.05364483762724627,1.0110080722830843
0.0,Lunes,258,Nezahualcóyotl,Valle de México,15.0,23.013141830427298,,0.02855642685453123,0.024521140731212906,0.03515417489556934,0.7490040099499495
0.0,Lunes,260,San Agustín,Valle de México,15.0,22.333577513003636,51.30212197188368,0.02646442429887542,0.023174796983463992,0.03705878037155083,0.6958879334799971
0.0,Lunes,262,Santa Fe,Valle de México,9.0,18.82386898605295,34.29690731867829,0.03431048354715105,0.021273023558846547,0.028242294475712783,0.5126370138404672
0.0,Lunes,263,Miguel Hidalgo,Valle de México,9.0,23.16171929210528,38.05809201246003,0.03011168687783749,0.02807379846297464,0.05037625091113505,0.7329649554372584
0.0,Lunes,266,Tlalnepantla,Valle de México,15.0,24.3995043636338,50.138302551851226,0.02598327622558252,0.031273784266744924,0.053077020401287395,0.8407138160506987
0.0,Lunes,268,UAM Iztapalapa,Valle de México,9.0,23.557552810633513,44.481128569911355,0.02932837245728548,0.027527638640980852,0.04125216950149663,0.7241506701625608
0.0,Lunes,269,UAM Xochimilco,Valle de México,9.0,20.270176428677185,,0.03224275988319445,0.022244735916791297,0.029462230678694017,0.707909997763197
0.0,Lunes,271,Xalostoc,Valle de México,15.0,29.91004543118362,73.90483637095937,0.025938500393135337,0.031125122858040914,0.062382930482208485,0.9968637797675064
0.0,Lunes,291,Universidad Veracruzana,Poza Rica,0.0,208.81604045370858,255.82427898098052,0.02833203933914021,0.010381434410818157,0.018303955797997686,0.5849590870934102
0.0,Lunes,292,Tulancingo,Tulancingo,13.0,12.416261051191814,26.012387137745858,0.02601350627271391,0.011379613179290158,0.01695726521509414,0.8484454953012672
0.0,Lunes,293,Protección Civil,Guerrero,0.0,21.06261506152842,0.667855051295045,0.0205693436586713,0.002675105243350077,0.009968474398379563,0.07621133550458448
0.0,Lunes,297,Casa Hogar,Oaxaca,20.0,13.444160898390148,40.37474277841382,0.01651118332032263,0.00929260257324045,0.0176589077108446,0.47407996620638915
0.0,Lunes,301,Instituto Nacional de Investigaciones Nucleares,Valle de México,15.0,14.304702485511733,22.436477797820892,0.038793834570031084,,,0.25500576372899514
0.0,Lunes,302,Gustavo A. Madero,Valle de México,9.0,24.747674623957867,44.64286479842905,0.03356156837534226,0.02279600099774431,,
0.0,Lunes,304,Finanzas,Saltillo,5.0,105.96949763873651,115.20560031560055,0.02595160934898986,0.016806578282485392,0.025442308959259967,0.7230016104106272
0.0,Lunes,305,Jurisdicción Sanitaria,Monclova,5.0,302.6509376153498,234.26086353047612,0.02957858743433467,0.007421279716363583,0.009954563844078893,0.31880091057487187
0.0,Lunes,306,Centro de Rehabilitación DIF,Piedras Negras,5.0,236.73473136749394,234.7368659092016,0.022917824501780575,0.005737841611476185,0.008560031317431795,0.3160661149987709
0.0,Lunes,352,Presidencia Municipal,San Miguel de Allende,0.0,11.599319684502836,,,,,
0.0,Lunes,356,Presidencia Municipal,Abasolo,0.0,13.649653242767943,,,,,
0.0,Lunes,358,Presidencia Municipal,San Luis de la Paz,0.0,10.531788290459865,,,,,
0.0,Lunes,359,Universidad Gto Sede Belen,Guanajuato,0.0,11.227705919138025,,,,,
0.0,Lunes,388,Palacio Municipal,Morelia,0.0,18.998450774612696,,0.03098197411702413,0.013718895302228593,0.016872159090909052,0.4112312161116832
0.0,Lunes,424,Cadereyta,Monterrey,19.0,19.93270874333053,57.77640708659628,0.024348811103524135,0.00900232214118134,0.017740038347769663,1.0500975729406996
0.0,Lunes,425,Universidad,Monterrey,0.0,18.786206225579754,59.92171680539458,0.021981658926081074,0.013949478078690507,0.026112969242875986,1.411170566379191
0.0,Lunes,426,Pueblo Serena,Monterrey,19.0,11.407759510909703,43.65161582439026,0.03209080167193194,0.010753183048065062,0.008008300393992876,0.7543699977943022
1.0,Martes,32,Secretaría de Medio Ambiente,Aguascalientes,0.0,72.5984001632195,65.63368702524723,1.7434729882765672,1.2633333364989188,2.651006002449544,0.8106118520746283
1.0,Martes,33,Centro,Aguascalientes,1.0,115.65446176840182,83.86591129578338,3.388357945774076,4.794386339014908,7.198283230104543,1.4221925288692754
1.0,Martes,53,SUR,Chihuahua,8.0,21.361545294497994,63.81050983084995,0.028805413182186643,0.011828228852548504,0.019327853331660427,1.0683862084690439
1.0,Martes,56,CONALEP,Torreón,5.0,21.20484486583369,59.728494232554965,0.020162289866714783,0.007928554637265911,0.03143546153145084,25.971321636344605
1.0,Martes,59,IPN,Durango,10.0,21.82421443248634,73.89231845386465,0.5206046828111804,0.022815183764367773,0.04576578780882803,2.8113471315994976
1.0,Martes,60,SRNyMA,Durango,10.0,30.445969763576635,34.10712499789288,0.015735358620871578,0.008306724935370888,0.019013583550778864,2.0330776594425406
1.0,Martes,68,Policía,Celaya,0.0,21.536054586204244,65.41368496251958,0.028117058094905584,0.01449930019765257,0.021013944370179873,1.081901745048415
1.0,Martes,70,San Juanico,Celaya,0.0,28.95526444637859,75.29636857870995,0.0305620713053504,0.13556852124970709,0.8668261752511274,1.3117686101065082
1.0,Martes,72,Bomberos,Irapuato,0.0,19.58131341939107,51.85338251208698,0.0287545837129334,0.01340489513272083,0.029801186113817674,1.433344573204284
1.0,Martes,73,Teódula,Irapuato,0.0,20.42329574634198,55.73938520303385,0.03229285790444592,0.013112124558165428,0.025234202733592243,1.1078502007955637
1.0,Martes,74,CICEG - Bomberos,León,0.0,31.304294781182787,60.880493829092934,0.026500624891564174,0.01918347258761413,0.03350687058425702,1.2595736486568159
1.0,Martes,75,Facultad de Medicina,León,0.0,20.720144302089064,52.91013811842453,0.027262156524667683,0.020839854889163154,0.03885365543325027,0.728949566209201
1.0,Martes,77,Cruz roja,Salamanca,0.0,24.278370406730076,46.438292564700674,0.02434818177799306,0.015059331702744622,0.023699302704115396,1.2138973722917406
1.0,Martes,78,DIF,Salamanca,0.0,22.437969535804275,50.85508933071334,0.026026783797457046,0.014179232705456844,0.026052996154888687,0.9108885268643273
1.0,Martes,82,Centro de Salud,Atitalaquia,13.0,28.11741845198128,71.86050266282936,0.02048213664039222,0.014153300283113315,0.028231968117488508,0.9645127330859529
1.0,Martes,84,Estación de Bomberos de Cd. Sahagún,Tepeapulco,13.0,158.75779812674753,144.3702735921938,0.027328694855331,0.00830346682547206,0.016160025578619286,0.6571594880840235
1.0,Martes,85,Hospital,Huichapan,13.0,89.90563193000541,98.69938996042957,0.030110954688656242,0.00865045894968999,0.015253441861590673,0.49160893035569353
1.0,Martes,87,Primaria Melchor Ocampo,Tepeji,0.0,18.748154177575334,35.064757212545686,0.02296475381643028,0.013525558751885972,0.028128410625755138,0.7004293819623599
1.0,Martes,92,Jardín del Maestro,Pachuca,13.0,20.780590495546416,19.52770286672125,0.03149437455731323,0.009870515065410795,0.01962323602725182,0.9343860389566605
1.0,Martes,93,Museo del Rehilete,Pachuca,13.0,17.996473315843133,34.22717035989784,0.028219470995678828,0.01095495711501626,0.016725762237913593,0.4500696103355822
1.0,Martes,102,Centro,Guadalajara,0.0,23.253751780784086,37.77503003903444,0.02574440687940785,0.02098311936724976,0.030688419241507874,0.7387811344886918
1.0,Martes,103,Las Águilas,Guadalajara,0.0,24.936339753186125,31.132790662061918,0.02714842016020239,0.02497762412568264,0.03513348244508004,0.8923177263799048
1.0,Martes,106,Miravalle,Guadalajara,0.0,33.86238986462019,60.85183372353049,0.023718475617193622,0.02402597636955185,0.03532802579868707,0.9814183128351907
1.0,Martes,109,Tlaquepaque,Guadalajara,0.0,30.357136492095556,48.25175556115321,0.024867031937737108,0.023534671548363036,0.04103873959295167,1.1560003196020718
1.0,Martes,123,Ceboruco,Toluca,0.0,29.095782750009235,58.5180160515556,0.030095686021123186,0.024209238778244945,0.043054834678024664,1.0005066942724
1.0,Martes,125,Metepec,Toluca,0.0,31.230479913144787,54.96585975109195,0.02975816288862119,0.02367979477420137,0.041249926525589856,0.8914552733929811
1.0,Martes,126,Oxtotitlán,Toluca,0.0,29.011249013061796,54.96502176704307,0.028309944934518043,0.023449343008304018,0.04277171552510321,0.9787669453050233
1.0,Martes,128,San Mateo Atenco,Toluca,0.0,36.68692564706515,63.840388710287115,0.026371831746044946,0.027969288085312204,0.06245830658497359,0.9618710471173734
1.0,Martes,129,Universidad Michoacana de San Nicolás Hidalgo,Morelia,0.0,20.58215242096636,66.20967373920817,2.638750670712766,0.7373486823394836,1.6025698395908483,2.8988435478799857
1.0,Martes,134,Cuernavaca 01,Cuernavaca,17.0,26.26275779597829,45.27116826651527,0.02756504664920673,0.015746508759939794,0.052022093403681115,0.6831414773412864
1.0,Martes,136,Tecnológico de Tepic,Tepic,18.0,27.72298032164064,52.9627263995288,0.023670440473034817,0.007114586433099458,0.021807375170295164,0.9795573068049344
1.0,Martes,137,Primaria Julián Gascón Mercado,Tepic,0.0,12.46546380113161,37.29536463356139,0.021311266715528684,0.011164544951753789,0.021842428996669803,0.6232729366740545
1.0,Martes,139,Santa Catarina,Monterrey,19.0,27.209334242122928,76.87628382358469,0.02385902307621477,0.015875709043261032,0.028999999696851537,1.180756472074695
1.0,Martes,140,San Bernabé,Monterrey,19.0,24.951665726468644,72.9441237248252,0.026704824936272267,0.012795174337878308,0.021014475380780582,1.020920510024605
1.0,Martes,141,Obispado,Monterrey,19.0,23.759445739484182,57.16452853854175,0.024580866350738674,0.013317624643172852,0.02096146662905007,1.5235034260574385
1.0,Martes,142,San Nicolás,Monterrey,19.0,26.26915309744511,66.13491046492989,0.022321261783402165,0.014694362577260882,0.020578734860557973,1.3574384824136863
1.0,Martes,143,La Pastora,Monterrey,19.0,18.60923282898115,53.94733113480372,0.02603994231797664,0.013245490041429714,0.019111190780660047,1.4664509916518895
1.0,Martes,145,García,Monterrey,19.0,23.457635001495166,78.2011077437805,0.026501795458295327,0.008098958227825772,0.024960811517169806,1.3198388154416476
1.0,Martes,146,Apodaca,Monterrey,19.0,26.128274112025917,61.86819841309902,0.02491206316838141,0.018218322887236793,0.01942604306362886,1.1678907134658436
1.0,Martes,147,Juárez,Monterrey,19.0,24.064829005589903,60.89977619887797,0.024632474274960136,0.011801798376025996,0.04422452394193455,1.418938302993706
1.0,Martes,148,San Pedro,Monterrey,19.0,20.632245186520663,61.591589791023566,0.02456638671613981,0.011559757325321857,0.022955810922569493,1.5193231536269354
1.0,Martes,160,CEDART,Oaxaca,20.0,107.93014651853971,36.54172936719859,0.022534013005619424,0.02049189324798233,0.02925916270722017,1.0194190546772068
1.0,Martes,161,Agua Santa,Puebla,21.0,18.314175283064365,41.163393910976914,0.01786862770183082,0.016831843427464927,0.04164141978570416,1.3734885739438127
1.0,Martes,162,Las Ninfas,Puebla,21.0,18.18661532343549,53.99191733345463,0.02044648485428293,0.016648190480105123,0.02723833372789378,2.0587063555670726
1.0,Martes,163,Benemérito Instituto Normal del Estado,Puebla,0.0,18.615836390044425,39.73567661192104,0.01959763083941143,0.013525637786244528,0.021436273481082964,1.678907416253242
1.0,Martes,220,Palacio de Gobierno,Tlaxcala,29.0,107.62230507132155,250.21969120326335,0.687673618503573,0.6927864414922023,1.0270655935499777,1.252581785939374
1.0,Martes,234,Tecnológico,Minatitlán,30.0,76.22801359320707,80.48671630067788,0.02468087242687921,0.008638625440060107,0.028297746407733835,0.644142770489555
1.0,Martes,241,Ajusco,Valle de México,9.0,17.47519450771739,,0.03489430883455357,,,
1.0,Martes,242,Ajusco Medio,Valle de México,9.0,19.219296499548044,32.7744685669316,0.040091584654684216,0.016674016045440592,0.02008952500287955,0.5676791177427215
1.0,Martes,244,Camarones,Valle de México,9.0,25.190764409161396,46.682040791794854,0.025097148257859178,0.03141633185059884,0.052591844129331135,0.8216843708682023
1.0,Martes,245,Centro de Ciencias de la Atmósfera,Valle de México,9.0,17.774683063223726,,0.032219128064811135,0.022097064701724106,0.030819157988927773,0.6254131416539295
1.0,Martes,251,Hospital General de México,Valle de México,9.0,25.67124289635647,45.077300548946404,0.029715269035039002,0.030980098421493647,0.04156993343510159,0.8331072968985744
1.0,Martes,256,Merced,Valle de México,9.0,25.503040466012834,52.64010524970707,0.025611038389993727,0.03405023312316057,0.054795446849653644,1.015465253948449
1.0,Martes,258,Nezahualcóyotl,Valle de México,15.0,24.208233238450074,,0.029073877641158444,0.025438523613555284,0.03618333823766791,0.7803877040505399
1.0,Martes,260,San Agustín,Valle de México,15.0,23.571294172719178,52.291350785384495,0.025966613547736626,0.02376598116101495,0.039123574400363036,0.7021037735505496
1.0,Martes,262,Santa Fe,Valle de México,9.0,18.698968090972095,34.09610131707355,0.031885431088181294,0.02182478265298379,0.028404938794815423,0.5296414168634281
1.0,Martes,263,Miguel Hidalgo,Valle de México,9.0,22.07646944384392,35.24798161411434,0.02871512270109388,0.026935970148616494,0.04776473651104964,0.7387037431204301
1.0,Martes,266,Tlalnepantla,Valle de México,15.0,24.770585018654337,51.17626475882862,0.0247810272408689,0.031099786819018337,0.052012795348916584,0.8554143447740612
1.0,Martes,268,UAM Iztapalapa,Valle de México,9.0,24.257069010011975,45.72050283069894,0.028632525869934006,0.028055497272414593,0.042722770854568194,0.7257144830727212
1.0,Martes,269,UAM Xochimilco,Valle de México,9.0,20.508903436765316,,0.031249117717052098,0.023220863051713826,0.03044908664858108,0.7146504725466494
1.0,Martes,271,Xalostoc,Valle de México,15.0,31.566293123155663,76.12345786040719,0.02627643614554397,0.031504914662993704,0.06595204129235877,1.0319408727102737
1.0,Martes,291,Universidad Veracruzana,Poza Rica,0.0,228.03596113419871,234.94985960891535,0.023860748510915245,0.011184751056018268,0.018639062603778973,0.6100166115853493
1.0,Martes,292,Tulancingo,Tulancingo,13.0,14.252088872979227,26.75277504745145,0.02697579161301872,0.011235335880159906,0.017219963915667467,0.8774222991719913
1.0,Martes,293,Protección Civil,Guerrero,0.0,23.175806495550056,0.6266453316549445,0.021213184971160787,0.002269957946815158,0.007650604860398252,0.05634610757990838
1.0,Martes,297,Casa Hogar,Oaxaca,20.0,12.959609912067139,44.73500048641585,0.01687736265133287,0.00843946488294311,0.01736560301186099,0.5023095693436997
1.0,Martes,301,Instituto Nacional de Investigaciones Nucleares,Valle de México,15.0,12.890950214509658,20.055599977828905,0.036861868457428025,,,0.25659822905141466
1.0,Martes,302,Gustavo A. Madero,Valle de México,9.0,23.185750743048505,44.38408839456105,0.030633058356826528,0.02324422699518757,,
1.0,Martes,304,Finanzas,Saltillo,5.0,96.14832521924845,136.51983167243645,0.02607574810276375,0.01766109376284547,0.026460766752977195,0.5725243428010119
1.0,Martes,305,Jurisdicción Sanitaria,Monclova,5.0,286.3071974156557,234.34590077332192,0.030784803551482193,0.007621824712713296,0.009525519849048569,0.2740460223468376
1.0,Martes,306,Centro de Rehabilitación DIF,Piedras Negras,5.0,229.13859099329682,265.8889281652517,0.020913452796442022,0.005675329922783917,0.008337532870335491,0.4132316317855665
1.0,Martes,352,Presidencia Municipal,San Miguel de Allende,0.0,12.588247805307724,,,,,
1.0,Martes,356,Presidencia Municipal,Abasolo,0.0,12.697794496727003,,,,,
1.0,Martes,358,Presidencia Municipal,San Luis de la Paz,0.0,10.463770018144643,,,,,
1.0,Martes,359,Universidad Gto Sede Belen,Guanajuato,0.0,10.960486988385453,,,,,
1.0,Martes,388,Palacio Municipal,Morelia,0.0,23.989266218408822,,0.03202222332938441,0.013166991242929417,0.01556050724637678,0.41663823553448837
1.0,Martes,424,Cadereyta,Monterrey,19.0,21.918089279643905,59.83012594219621,0.02290877739577035,0.008922729294429029,0.01643136890763141,1.1134380821403065
1.0,Martes,425,Universidad,Monterrey,0.0,21.7444403096499,64.03798184114568,0.023255305530320628,0.013917484524425879,0.027260444420279317,1.3810736406120867
1.0,Martes,426,Pueblo Serena,Monterrey,19.0,12.311746827772721,43.065380169184515,0.02981826849733024,0.0111154807913503,0.007710333968567642,0.9348544632331817
2.0,Miércoles,32,Secretaría de Medio Ambiente,Aguascalientes,0.0,170.11824988251357,71.44655403125681,0.9945045862820515,1.6925920796573566,2.9576251682484402,0.7829181358159677
2.0,Miércoles,33,Centro,Aguascalientes,1.0,115.8815590981849,107.37933871187299,4.677651133665666,4.529478123380702,7.349939000079929,1.4579287536681456
2.0,Miércoles,53,SUR,Chihuahua,8.0,22.03148540908997,57.32431940898469,0.02917873005692541,0.012544128461214502,0.02343693108624394,1.0493181719533493
2.0,Miércoles,56,CONALEP,Torreón,5.0,20.577048194489155,65.73564579399934,0.020933374228493607,0.007688913228526891,0.032150290870510294,25.988092546379807
2.0,Miércoles,59,IPN,Durango,10.0,20.315760822138603,72.33181121727236,0.3438578310079962,0.01720521137274789,0.02974486220209688,2.3418241177635704
2.0,Miércoles,60,SRNyMA,Durango,10.0,30.921662575299734,32.195907900511635,0.0160407324386904,0.009025932169647033,0.02745694004232835,1.9622294918840144
2.0,Miércoles,68,Policía,Celaya,0.0,17.43058808646189,59.41768900162655,0.028398255508781427,0.014126189837039662,0.021195676711086832,1.0998714453631337
2.0,Miércoles,70,San Juanico,Celaya,0.0,30.547695509307815,77.10643161881252,0.030245858004638217,0.013491577464376426,0.026748565878563453,1.3014275149507784
2.0,Miércoles,72,Bomberos,Irapuato,0.0,19.988127742727414,53.68682477203467,0.02889013524144568,0.013431061278268989,0.030249000278053374,1.422872125127343
2.0,Miércoles,73,Teódula,Irapuato,0.0,22.879570951924403,56.01385889171082,0.03294703798107301,0.01284968425104752,0.024876080798987378,1.0031917590072927
2.0,Miércoles,74,CICEG - Bomberos,León,0.0,19.517920734298393,57.825351817799664,0.02619867904163715,0.019209494229171762,0.03168589200084245,1.155487902916188
2.0,Miércoles,75,Facultad de Medicina,León,0.0,18.86479552238483,53.050774296608765,0.026817800722038893,0.020705633712662423,0.04014056230980534,0.732177443223545
2.0,Miércoles,77,Cruz roja,Salamanca,0.0,22.004257054499014,47.094029855641935,0.023891753062355334,0.015532340713543142,0.02480696881332962,1.2335949534235693
2.0,Miércoles,78,DIF,Salamanca,0.0,22.711150481934503,51.21431291432333,0.025895375635283914,0.014170009285271288,0.026543916373463643,0.9031946939084629
2.0,Miércoles,82,Centro de Salud,Atitalaquia,13.0,23.82248520899667,75.80938699743407,0.020604837631875556,0.014031177732737026,0.027996565151848615,0.9518664360378852
2.0,Miércoles,84,Estación de Bomberos de Cd. Sahagún,Tepeapulco,13.0,139.12878091741305,174.0177103371158,0.027422393566566845,0.007947180694225061,0.015687909505118995,0.5989344869677422
2.0,Miércoles,85,Hospital,Huichapan,13.0,110.08773961309485,141.94673120997592,0.02967626964388847,0.008116733863385768,0.01400457473078574,0.4418482050921889
2.0,Miércoles,87,Primaria Melchor Ocampo,Tepeji,0.0,18.86315162962477,34.78389431902578,0.023376620528931528,0.013676813628708633,0.025469606440352528,0.717283979298535
2.0,Miércoles,92,Jardín del Maestro,Pachuca,13.0,21.49193119497475,20.14895288927468,0.03394081500952983,0.01072318531676057,0.02745247990567109,1.025856487139453
2.0,Miércoles,93,Museo del Rehilete,Pachuca,13.0,17.98189184683161,32.89521474584974,0.028911610736813812,0.011081849898704053,0.016701584993091174,0.4605672539649061
2.0,Miércoles,102,Centro,Guadalajara,0.0,31.395026016001996,37.90492205528918,0.026000209775340226,0.021187485080717564,0.030369172585456582,0.728794679058406
2.0,Miércoles,103,Las Águilas,Guadalajara,0.0,23.029348112399333,30.702903018663164,0.027397184397178215,0.024556961495407478,0.03571684790273599,0.8592579343947018
2.0,Miércoles,106,Miravalle,Guadalajara,0.0,31.57037239584307,60.59995573760583,0.02493420934908434,0.023614122050420322,0.0361138879375566,0.9164614559784059
2.0,Miércoles,109,Tlaquepaque,Guadalajara,0.0,30.032263619164063,47.744665389971665,0.025631447578451438,0.024231145512358564,0.04331722607127719,1.163220381548284
2.0,Miércoles,123,Ceboruco,Toluca,0.0,29.3248227207196,58.164150921352714,0.030195607098441272,0.023893689892534962,0.04171060091712262,1.0152300284663707
2.0,Miércoles,125,Metepec,Toluca,0.0,31.36165059851714,55.69485903600786,0.030032487273229904,0.023125194796230562,0.04039531217156009,0.8892523158312653
2.0,Miércoles,126,Oxtotitlán,Toluca,0.0,30.766695169550967,53.128885672191174,0.0286229997829931,0.02297932506694264,0.040888190050074186,0.9728414912870929
2.0,Miércoles,128,San Mateo Atenco,Toluca,0.0,37.325558508939544,63.01022053443734,0.02663403293620195,0.027332089089910392,0.06067556099519265,0.9206552588996765
2.0,Miércoles,129,Universidad Michoacana de San Nicolás Hidalgo,Morelia,0.0,22.08056958064611,54.88770345197209,1.4975830582928127,0.7890724319056265,1.1676933334096606,2.9086583929636256
2.0,Miércoles,134,Cuernavaca 01,Cuernavaca,17.0,39.04073401481681,54.80301950240987,0.02937715112682675,0.014989081160281614,0.0464904871501362,0.662288163603174
2.0,Miércoles,136,Tecnológico de Tepic,Tepic,18.0,31.498512756328715,63.38385041648291,0.022585235710440202,0.006398287734410156,0.020347282060317336,0.4966842431833388
2.0,Miércoles,137,Primaria Julián Gascón Mercado,Tepic,0.0,12.463129765906622,38.66252298426212,0.021169778843047757,0.010983268754442698,0.021593334865130837,0.619974803193897
2.0,Miércoles,139,Santa Catarina,Monterrey,19.0,25.01410476394193,73.54593311038116,0.02371206081628478,0.016584443710136017,0.02855132810855089,1.163861014503461
2.0,Miércoles,140,San Bernabé,Monterrey,19.0,23.429544812252757,70.3142231735442,0.027272357341746937,0.011767561931231386,0.02321957674171966,1.00693939885239
2.0,Miércoles,141,Obispado,Monterrey,19.0,21.67386627190149,56.34414525080024,0.0246823988163597,0.013325507607705222,0.022416344325758026,1.4927302605376196
2.0,Miércoles,142,San Nicolás,Monterrey,19.0,23.37286483726037,62.68118921424491,0.022851113511385333,0.013979444396915511,0.014769018911113728,1.3927487764096231
2.0,Miércoles,143,La Pastora,Monterrey,19.0,17.783110921396297,51.18313924329609,0.02606569431273661,0.012456691666925772,0.013099580491971756,1.4572541613693168
2.0,Miércoles,145,García,Monterrey,19.0,21.685233991266507,74.75933289085923,0.026928131122216762,0.007467890442995847,0.022960837484258666,1.258045753510285
2.0,Miércoles,146,Apodaca,Monterrey,19.0,24.170733136307,59.195796930518966,0.023531652667984147,0.018268145685735614,0.022958852856629512,1.1373750151347657
2.0,Miércoles,147,Juárez,Monterrey,19.0,20.066023161407184,58.692622724712294,0.02385596991102102,0.010887397856170915,0.04567238747735412,1.411601515087281
2.0,Miércoles,148,San Pedro,Monterrey,19.0,19.87655308744846,60.56240263939283,0.023244063502672517,0.011323631653153489,0.021753381366131214,1.4847987720881741
2.0,Miércoles,160,CEDART,Oaxaca,20.0,149.93588042747868,34.770595424338985,0.022160999437867215,0.020638684080690733,0.030248698972554333,0.9950781055442636
2.0,Miércoles,161,Agua Santa,Puebla,21.0,20.144626038977762,39.55931985593753,0.017142369943820894,0.016180057247270143,0.03874156784492162,1.387754440120069
2.0,Miércoles,162,Las Ninfas,Puebla,21.0,25.201636323122063,61.534346543357294,0.021218244389334014,0.016285517402448692,0.025745870144437848,1.7716002834792823
2.0,Miércoles,163,Benemérito Instituto Normal del Estado,Puebla,0.0,20.694480471905614,40.6616689707343,0.02033779574182565,0.013428143914716306,0.02174906682550417,1.5229615220900827
2.0,Miércoles,220,Palacio de Gobierno,Tlaxcala,29.0,90.4844584107454,251.03380006901483,0.3253394650831994,0.2254107332355207,0.3643787039159607,1.2695427186655677
2.0,Miércoles,234,Tecnológico,Minatitlán,30.0,64.39420184076087,94.4815642492325,0.02979646826272748,0.011481625722392497,0.0343626032952662,0.6929092460645822
2.0,Miércoles,241,Ajusco,Valle de México,9.0,16.47581842578982,,0.03542150632419686,,,
2.0,Miércoles,242,Ajusco Medio,Valle de México,9.0,18.97215193194712,32.881811163538316,0.0414821676590495,0.017091709131584348,0.02082821691777657,0.5661219777667077
2.0,Miércoles,244,Camarones,Valle de México,9.0,25.18404716667524,46.46729704406953,0.026196476407201286,0.030795209480920214,0.04875169537407569,0.782975366292982
2.0,Miércoles,245,Centro de Ciencias de la Atmósfera,Valle de México,9.0,18.38954330138701,,0.033803061800282946,0.02251686587865731,0.030063459208021337,0.6114211960105195
2.0,Miércoles,251,Hospital General de México,Valle de México,9.0,25.08049788242094,43.756815804476844,0.03039675975010793,0.030224208051140098,0.04096471235572617,0.8032897587633985
2.0,Miércoles,256,Merced,Valle de México,9.0,25.225085456595014,51.25837323635766,0.025963717789290373,0.033869266763234804,0.053309542842590193,1.0138123762899336
2.0,Miércoles,258,Nezahualcóyotl,Valle de México,15.0,22.64768235415979,,0.02898317952257049,0.02427199653320078,0.03583626122644656,0.7526736281657478
2.0,Miércoles,260,San Agustín,Valle de México,15.0,23.331049072149675,51.29490798077667,0.0266223858217026,0.02288067993016556,0.03601380001909733,0.6947745702097243
2.0,Miércoles,262,Santa Fe,Valle de México,9.0,19.286228490222214,34.73983647436081,0.03425521474135391,0.02047664053957962,0.02585782865867353,0.5034720746774398
2.0,Miércoles,263,Miguel Hidalgo,Valle de México,9.0,22.78265079619084,36.75162257587315,0.030746794970970298,0.027449941986966278,0.048021015294406194,0.7177854782771259
2.0,Miércoles,266,Tlalnepantla,Valle de México,15.0,25.278091380545387,50.957152091292144,0.026189330268220325,0.03136675174135187,0.05063834359381835,0.861348218148653
2.0,Miércoles,268,UAM Iztapalapa,Valle de México,9.0,23.660926183717123,44.79626490020305,0.029306004729336133,0.02739685365529443,0.039678902426137246,0.7378583608932102
2.0,Miércoles,269,UAM Xochimilco,Valle de México,9.0,20.445212950638155,,0.0316403901226463,0.022242229951235867,0.02856094620632628,0.7016852078939226
2.0,Miércoles,271,Xalostoc,Valle de México,15.0,29.584610961371745,73.02709353738977,0.026220806797479866,0.03098581837788845,0.06134985081253056,0.9940904697207927
2.0,Miércoles,291,Universidad Veracruzana,Poza Rica,0.0,168.6536420491983,203.30456169654306,0.023580858142071025,0.010813939344170282,0.019462704101106027,0.6047709560729264
2.0,Miércoles,292,Tulancingo,Tulancingo,13.0,13.38264868442125,26.12068205373574,0.027315755130313566,0.011276700109048873,0.016903033343178688,0.8950557113753244
2.0,Miércoles,293,Protección Civil,Guerrero,0.0,21.656344739136774,0.7267127294372293,0.020977635269979367,0.0012249389708302932,0.006098907428533795,0.058456369990580334
2.0,Miércoles,297,Casa Hogar,Oaxaca,20.0,14.40209996684566,47.18253885596563,0.017097157164869,0.009697083286882157,0.019292283351913752,0.5203649989050804
2.0,Miércoles,301,Instituto Nacional de Investigaciones Nucleares,Valle de México,15.0,13.282747931396342,21.790935628802902,0.03852719049687993,,,0.25296016186310716
2.0,Miércoles,302,Gustavo A. Madero,Valle de México,9.0,24.967242971240744,43.05764023439855,0.03384017458814499,0.02225415814944156,,
2.0,Miércoles,304,Finanzas,Saltillo,5.0,129.5469025766749,127.98328337869506,0.026687411185558712,0.016580505752109655,0.024730528538581695,0.569482088037014
2.0,Miércoles,305,Jurisdicción Sanitaria,Monclova,5.0,298.7117891207374,215.20420843335845,0.030986702070101242,0.007187051351060599,0.009448162169514444,0.25496869171073633
2.0,Miércoles,306,Centro de Rehabilitación DIF,Piedras Negras,5.0,267.1844655421744,253.85120812347216,0.02198941014423209,0.005760772156753241,0.008968309986235285,0.2903029612397714
2.0,Miércoles,352,Presidencia Municipal,San Miguel de Allende,0.0,12.485572546876753,,,,,
2.0,Miércoles,356,Presidencia Municipal,Abasolo,0.0,13.714999791247102,,,,,
2.0,Miércoles,358,Presidencia Municipal,San Luis de la Paz,0.0,10.489357394920713,,,,,
2.0,Miércoles,359,Universidad Gto Sede Belen,Guanajuato,0.0,11.871632578193852,,,,,
2.0,Miércoles,388,Palacio Municipal,Morelia,0.0,17.318817204301077,,0.03197800277230241,0.0131533800479633,0.014775370370370326,0.3655017538081039
2.0,Miércoles,424,Cadereyta,Monterrey,19.0,18.783254882768762,54.926901912397774,0.02266726468549699,0.008461269890767236,0.01621726678546469,1.031718745388358
2.0,Miércoles,425,Universidad,Monterrey,0.0,20.451922703912906,59.914863383106685,0.021298197131938777,0.0135437559643176,0.024933994087784652,1.4568427032538203
2.0,Miércoles,426,Pueblo Serena,Monterrey,19.0,10.898693478481702,39.99342176281536,0.02976866398733402,0.00990526666716194,0.0076546269594794285,0.8780194120411512
3.0,Jueves,32,Secretaría de Medio Ambiente,Aguascalientes,0.0,101.15858520727849,94.48684481039429,1.4334511642379872,0.9705743884651109,2.8656427554249864,0.9800811928767187
3.0,Jueves,33,Centro,Aguascalientes,1.0,97.3814474665538,92.72657832763124,3.619455466160142,4.96605798755239,7.074512218848271,1.453250991447817
3.0,Jueves,53,SUR,Chihuahua,8.0,32.752975145157286,58.40428819056528,0.028317927190073144,0.012004559017062481,0.02226774068224387,0.9914492038531109
3.0,Jueves,56,CONALEP,Torreón,5.0,19.256119168711372,58.52017278684881,0.021464692721253287,0.009403880543158981,0.024360160459000343,26.338357745179866
3.0,Jueves,59,IPN,Durango,10.0,26.517792788007437,72.56407486211948,0.40765353647620894,0.01886993291467972,0.03394267406053741,2.02691480682613
3.0,Jueves,60,SRNyMA,Durango,10.0,32.28168656152214,34.42274656272035,0.017271989209076383,0.008568786026621339,0.01933063908552334,2.0540742176044757
3.0,Jueves,68,Policía,Celaya,0.0,19.077280563338903,63.942905143138546,0.06622039612167306,0.014420841436880107,0.021671498245719817,1.143898332308975
3.0,Jueves,70,San Juanico,Celaya,0.0,24.81539651257199,79.11272796382458,0.030430285317811816,0.013791249388718467,0.02689658538484944,1.3771960535426895
3.0,Jueves,72,Bomberos,Irapuato,0.0,17.373356479754214,52.59085121383015,0.02914309118751485,0.013424037604403465,0.030421017330203182,1.4673486694150297
3.0,Jueves,73,Teódula,Irapuato,0.0,19.580830092522387,53.834831951931235,0.03359768367448213,0.0132411389367658,0.025636185320910068,1.0772989994441882
3.0,Jueves,74,CICEG - Bomberos,León,0.0,32.620881979000316,60.31451903356852,0.025974381270180123,0.01917436455335838,0.033999889593273075,1.2302468475392778
3.0,Jueves,75,Facultad de Medicina,León,0.0,20.19530555049113,52.89233451285421,0.027925379934991883,0.020943347367397905,0.03768628332462681,0.7531267442373449
3.0,Jueves,77,Cruz roja,Salamanca,0.0,21.830706243703958,47.86104578810713,0.024493998836333197,0.01558028218781461,0.024319453516552035,1.2368888858190734
3.0,Jueves,78,DIF,Salamanca,0.0,22.337972445265883,51.2471999069184,0.025772030648355815,0.014320344027201084,0.02694619107301175,0.8909894942018327
3.0,Jueves,82,Centro de Salud,Atitalaquia,13.0,20.67168976856218,73.58900089618822,0.020701078400550785,0.014165141500140432,0.028090791967657566,0.9196906564659731
3.0,Jueves,84,Estación de Bomberos de Cd. Sahagún,Tepeapulco,13.0,101.45826203093645,120.40214242695058,0.028121360465373352,0.00774857687928256,0.0165734371760193,0.684834163607175
3.0,Jueves,85,Hospital,Huichapan,13.0,60.23014511986557,73.8122941523011,0.029439077104420005,0.009011394069198774,0.015907535236763914,0.4087650441933931
3.0,Jueves,87,Primaria Melchor Ocampo,Tepeji,0.0,20.864322793800586,35.38934760048635,0.02292933288974212,0.013568478489035024,0.0280110916281351,0.7282805949885562
3.0,Jueves,92,Jardín del Maestro,Pachuca,13.0,22.84587846479591,19.2029237251808,0.03177161260119851,0.01095906040679426,0.021941582779508993,1.3822219372714368
3.0,Jueves,93,Museo del Rehilete,Pachuca,13.0,16.803169540675977,33.19873004380419,0.027999624675110104,0.010948955585325555,0.017834129919587577,0.4532597590769181
3.0,Jueves,102,Centro,Guadalajara,0.0,28.80983741836662,37.296650122345554,0.025438996286053978,0.020791093308297096,0.03261302471956208,0.7531266966082604
3.0,Jueves,103,Las Águilas,Guadalajara,0.0,25.486043861857414,30.756194889720835,0.02733514333446825,0.024559139285349633,0.03635986138799366,0.8706302364490366
3.0,Jueves,106,Miravalle,Guadalajara,0.0,27.582039193426716,59.03609516586072,0.023493840950761097,0.023802053145594727,0.03949844268667094,0.9558222867364016
3.0,Jueves,109,Tlaquepaque,Guadalajara,0.0,30.32910553671419,46.45232578090818,0.025450108386169637,0.022320201100580063,0.041125200252342356,1.1431076650131924
3.0,Jueves,123,Ceboruco,Toluca,0.0,29.481275045020624,58.656777043024185,0.029707248076747912,0.02440824015264759,0.044846607213025934,1.0148834239090545
3.0,Jueves,125,Metepec,Toluca,0.0,30.94834150749354,55.159049232341154,0.029390014367768398,0.023932089828171025,0.04063454742571297,0.8747309894370822
3.0,Jueves,126,Oxtotitlán,Toluca,0.0,27.36375624603386,55.303990362141114,0.028006496548987896,0.023860215297987406,0.04437876714517482,0.9914987042418351
3.0,Jueves,128,San Mateo Atenco,Toluca,0.0,37.49696527670836,64.85042595874494,0.026865899899838567,0.027865749430106952,0.0640530870802538,0.9486081764738595
3.0,Jueves,129,Universidad Michoacana de San Nicolás Hidalgo,Morelia,0.0,21.748904295863625,45.74870451740255,1.8191553669658633,0.6339320127785015,1.230420982752647,1.772871897476139
3.0,Jueves,134,Cuernavaca 01,Cuernavaca,17.0,26.38969095684022,48.555465824564195,0.02861069918615839,0.015978028312777934,0.048358454374583304,0.6572213542833184
3.0,Jueves,136,Tecnológico de Tepic,Tepic,18.0,29.320631703529976,55.35538544396138,0.02363319102655104,0.007653592345735089,0.02189932470777712,0.8634253532715891
3.0,Jueves,137,Primaria Julián Gascón Mercado,Tepic,0.0,11.75575410139441,35.3711708267085,0.0202251381173265,0.011443942072483795,0.021371103358729028,0.6150027204463928
3.0,Jueves,139,Santa Catarina,Monterrey,19.0,27.007769048053134,75.9060249734666,0.02405131332646006,0.014506582011686584,0.023574293167441293,1.1513042776694529
3.0,Jueves,140,San Bernabé,Monterrey,19.0,23.473405673467237,70.59279789638634,0.027891569394959355,0.011637075387036644,0.020802886387989036,0.9716272678952607
3.0,Jueves,141,Obispado,Monterrey,19.0,23.522773953674136,57.609060284721124,0.024762607406270547,0.013516036578901136,0.021320079076524077,1.4895224961530107
3.0,Jueves,142,San Nicolás,Monterrey,19.0,24.34180141114609,66.18440583261572,0.02310519979615711,0.0141506832804935,0.027036298417694067,1.3644841832636063
3.0,Jueves,143,La Pastora,Monterrey,19.0,18.336540913439887,53.62175859643639,0.026539052518801527,0.012417242788913947,0.017632099184782563,1.4572882157639766
3.0,Jueves,145,García,Monterrey,19.0,20.317389517252828,77.15163656515915,0.027566988594891702,0.007130837340071066,0.020161141288331783,1.2628034776833006
3.0,Jueves,146,Apodaca,Monterrey,19.0,24.35391430615351,59.53312299084281,0.024617614047533914,0.017973150464533013,0.019472467431119578,1.1692584173454812
3.0,Jueves,147,Juárez,Monterrey,19.0,21.378122330383018,61.69932985893763,0.02457682094525083,0.012746479140339101,0.05527197655679141,1.4230159867688787
3.0,Jueves,148,San Pedro,Monterrey,19.0,19.392984193471456,61.32032775597631,0.024344246768075277,0.011603539593600692,0.021922403790272747,1.5224518139255563
3.0,Jueves,160,CEDART,Oaxaca,20.0,73.82031568262532,35.570398553243514,0.023244573173258624,0.019845231835936054,0.028774210967790575,1.106218759287663
3.0,Jueves,161,Agua Santa,Puebla,21.0,19.60699958537348,41.70090216753748,0.017237503863256582,0.017215128894164128,0.044365353784897144,1.3912596902921954
3.0,Jueves,162,Las Ninfas,Puebla,21.0,19.024491262750693,54.03136201956992,0.020458545667870514,0.016240187366745817,0.025862118832167366,1.4567933531726736
3.0,Jueves,163,Benemérito Instituto Normal del Estado,Puebla,0.0,20.118560187191736,39.571107740725004,0.01972366653526612,0.013676954221105382,0.02339331305917974,1.5306104227759834
3.0,Jueves,220,Palacio de Gobierno,Tlaxcala,29.0,100.4432654295578,278.2754984112066,0.7534000370452971,0.4957494186661074,0.7224526093068345,1.2504224696239081
3.0,Jueves,234,Tecnológico,Minatitlán,30.0,49.761504198809874,78.460467198356,0.026705152526030396,0.008343137130619968,0.03045783109990161,0.6135172299148647
3.0,Jueves,241,Ajusco,Valle de México,9.0,17.358208982718878,,0.036031755769315124,,,
3.0,Jueves,242,Ajusco Medio,Valle de México,9.0,19.463325926463867,33.05207876589821,0.041385256014366024,0.01747997486768184,0.021330770411069386,0.57426294195253
3.0,Jueves,244,Camarones,Valle de México,9.0,24.631116030300706,46.63723870432498,0.02645118549110774,0.03166373401809509,0.05104025044080133,0.8105844977046912
3.0,Jueves,245,Centro de Ciencias de la Atmósfera,Valle de México,9.0,18.86291956051592,,0.033792832913693956,0.022564836284267035,0.0308989134892312,0.6272055681992493
3.0,Jueves,251,Hospital General de México,Valle de México,9.0,26.099930617727097,45.68988533243469,0.03115317802125632,0.03147371190199969,0.04455446975743116,0.833346144551368
3.0,Jueves,256,Merced,Valle de México,9.0,25.042419557218846,51.78219184321986,0.02583921441663542,0.03462049226249453,0.05558346870641556,1.0199044401425168
3.0,Jueves,258,Nezahualcóyotl,Valle de México,15.0,22.96672566306685,,0.02979314618379394,0.02477879164398225,0.034903466446212894,0.750649253355758
3.0,Jueves,260,San Agustín,Valle de México,15.0,22.42620254685527,50.83796090102361,0.026184143200185292,0.023112953617758877,0.038107973202646035,0.7018078382751629
3.0,Jueves,262,Santa Fe,Valle de México,9.0,19.441852775268536,34.59041563545095,0.033676218539212176,0.021992268067895657,0.029617159750988154,0.5289558524913216
3.0,Jueves,263,Miguel Hidalgo,Valle de México,9.0,24.27312055323103,37.86810392809531,0.02903905120868879,0.028743116868560507,0.05202618888536526,0.7448434056336627
3.0,Jueves,266,Tlalnepantla,Valle de México,15.0,24.29310924423911,50.16894923204543,0.02562812986119182,0.031518170617094665,0.052874733299983705,0.8515853945754784
3.0,Jueves,268,UAM Iztapalapa,Valle de México,9.0,23.875679522996087,45.30371749864069,0.0293279234726964,0.027744517406685064,0.04024422506629147,0.7386702768033351
3.0,Jueves,269,UAM Xochimilco,Valle de México,9.0,21.019117098306847,,0.03257375854490423,0.022822264552419813,0.029548638765359344,0.7148227246016687
3.0,Jueves,271,Xalostoc,Valle de México,15.0,31.328046597037602,74.592823780468,0.025838963097796343,0.03127053258390873,0.06556467580200062,1.0316120436131808
3.0,Jueves,291,Universidad Veracruzana,Poza Rica,0.0,184.51543518076127,221.6317631701172,0.02331702581908738,0.01052072195951769,0.01924070419091551,0.6463213574014115
3.0,Jueves,292,Tulancingo,Tulancingo,13.0,13.49473493912431,26.453511024809075,0.02551814830749719,0.011531569710140353,0.017738030426707234,0.8915087059243783
3.0,Jueves,293,Protección Civil,Guerrero,0.0,19.499627932052917,0.7142509204301075,0.020596965259435055,0.0008905796490420158,0.0017050661142526025,0.02170264988780607
3.0,Jueves,297,Casa Hogar,Oaxaca,20.0,12.924511443122988,63.183937652681216,0.016503324566073587,0.009878728643376225,0.018982482054550723,0.4704189701045634
3.0,Jueves,301,Instituto Nacional de Investigaciones Nucleares,Valle de México,15.0,14.512392954019552,22.2645189435458,0.03776801451452099,,,0.2782800383060588
3.0,Jueves,302,Gustavo A. Madero,Valle de México,9.0,25.26173381881453,44.95231408560928,0.03264649220098922,0.023886118022296125,,
3.0,Jueves,304,Finanzas,Saltillo,5.0,89.36136485662534,116.20373060132745,0.02571425165070511,0.017260314534449848,0.0248307355541279,0.608871888092462
3.0,Jueves,305,Jurisdicción Sanitaria,Monclova,5.0,263.993268538954,226.37093536200953,0.03350352607751139,0.006886483637461258,0.008901822797807313,0.28421464489039416
3.0,Jueves,306,Centro de Rehabilitación DIF,Piedras Negras,5.0,215.00483438394548,222.43410304401738,0.022583884971187806,0.005829773654305328,0.010186682967330258,0.3431019805390968
3.0,Jueves,352,Presidencia Municipal,San Miguel de Allende,0.0,12.27907658874415,,,,,
3.0,Jueves,356,Presidencia Municipal,Abasolo,0.0,12.217675353542049,,,,,
3.0,Jueves,358,Presidencia Municipal,San Luis de la Paz,0.0,10.057214276311049,,,,,
3.0,Jueves,359,Universidad Gto Sede Belen,Guanajuato,0.0,11.17902865201712,,,,,
3.0,Jueves,388,Palacio Municipal,Morelia,0.0,29.00729979699128,,0.02996302871333485,0.01309225642908675,0.015396668174546097,0.42221601882553167
3.0,Jueves,424,Cadereyta,Monterrey,19.0,19.3233315082604,56.40735511095993,0.02442377573019861,0.00910038158530576,0.018518471615200125,1.0555189865389396
3.0,Jueves,425,Universidad,Monterrey,0.0,21.095813609272838,61.57194795497936,0.02432434511603102,0.014571207009233434,0.03002977446685941,1.494384175988009
3.0,Jueves,426,Pueblo Serena,Monterrey,19.0,12.93457263504875,42.91446147146568,0.030289231849386256,0.009502339332768645,0.00650374662644753,0.9575343938299045
4.0,Viernes,32,Secretaría de Medio Ambiente,Aguascalientes,0.0,148.9326179129266,92.22007478429688,1.3258350930215719,1.528451790296311,1.6853506529400966,0.6295220059296756
4.0,Viernes,33,Centro,Aguascalientes,1.0,95.11895369883926,99.88265374180068,3.66738055465031,5.006000893526508,7.897440496540491,0.8863346350523971
4.0,Viernes,53,SUR,Chihuahua,8.0,18.383995188622524,51.38275224558961,0.028980791750222765,0.012315276996337998,0.021966369476636074,1.0538247406704568
4.0,Viernes,56,CONALEP,Torreón,5.0,19.40203359542557,64.43465833420949,0.020421153833966213,0.007010598410633288,0.03921468218972033,27.203115069964557
4.0,Viernes,59,IPN,Durango,10.0,20.50863553102286,69.9382816981158,0.3770036994620201,0.02174997931591729,0.046402034787961094,2.066843141804918
4.0,Viernes,60,SRNyMA,Durango,10.0,31.078611785706947,30.558242388470894,0.015205398734251405,0.008215679261022388,0.02213603390440718,1.9098215125443054
4.0,Viernes,68,Policía,Celaya,0.0,21.455810057036008,62.99489746385577,0.02683369636563316,0.014257521529937565,0.022139053381748514,1.0627113780164914
4.0,Viernes,70,San Juanico,Celaya,0.0,32.52706549406091,76.28452360276927,0.029858264685047698,0.013677094362444768,0.027838991034049188,1.289641108575127
4.0,Viernes,72,Bomberos,Irapuato,0.0,18.135822517867084,51.828693306454845,0.028626644374578156,0.01355525381381007,0.032165452920928865,1.4620411813356042
4.0,Viernes,73,Teódula,Irapuato,0.0,19.56911913584721,53.50667775997345,0.03274635783908609,0.012969997912930301,0.026258940215889637,1.0075940412729174
4.0,Viernes,74,CICEG - Bomberos,León,0.0,18.452009337811432,57.54532831106319,0.025320621624155007,0.019158263661117263,0.0327242757500666,1.2414617866115325
4.0,Viernes,75,Facultad de Medicina,León,0.0,18.62548377830635,55.53824584531569,0.027708735575436665,0.021089376788576555,0.03770894978101015,0.729057636213697
4.0,Viernes,77,Cruz roja,Salamanca,0.0,20.977463224129053,46.33397639681806,0.02331067420351247,0.015092164376105464,0.02283743559147837,1.2448148329990554
4.0,Viernes,78,DIF,Salamanca,0.0,22.68833285580226,51.910021589408046,0.02557885035313742,0.014199290845282403,0.02714958359201861,0.9100297674756884
4.0,Viernes,82,Centro de Salud,Atitalaquia,13.0,23.176472140466597,74.64882284149556,0.020899327844343996,0.013705818812362774,0.028259653556208405,0.8982273876747724
4.0,Viernes,84,Estación de Bomberos de Cd. Sahagún,Tepeapulco,13.0,163.4482453487123,168.384428356697,0.02757789047686368,0.007809204925309614,0.016190490661978463,0.6192422483051641
4.0,Viernes,85,Hospital,Huichapan,13.0,80.99930913472647,88.4076218676481,0.02984231749427326,0.008220701144774594,0.015052731614131636,0.4493206189138915
4.0,Viernes,87,Primaria Melchor Ocampo,Tepeji,0.0,20.30774877961352,36.4627141789288,0.022548329537610455,0.013891319203832585,0.025072607132317157,0.7388954841938821
4.0,Viernes,92,Jardín del Maestro,Pachuca,13.0,21.517934125719187,21.158654115256436,0.034664807896351145,0.01055926712985775,0.028287007437156803,1.071156710401283
4.0,Viernes,93,Museo del Rehilete,Pachuca,13.0,18.028827898947046,32.85910852335805,0.028002550661583952,0.010569215107903693,0.016168338082988627,0.448423301320736
4.0,Viernes,102,Centro,Guadalajara,0.0,27.003799544329738,38.094173997524884,0.025138671430065075,0.021033952718687136,0.030568707372007176,0.6787290087440604
4.0,Viernes,103,Las Águilas,Guadalajara,0.0,24.029053225508925,30.714178126155883,0.026480063098097893,0.024694904495297428,0.03673106041062637,0.8814345525763022
4.0,Viernes,106,Miravalle,Guadalajara,0.0,28.863415558549356,59.009202416562594,0.023569374295484738,0.024535108254294856,0.036699666006083646,0.9062834876538606
4.0,Viernes,109,Tlaquepaque,Guadalajara,0.0,29.56467954501388,46.311843018806215,0.025096516845943016,0.022784607522243514,0.03667215845499662,1.1321555135988381
4.0,Viernes,123,Ceboruco,Toluca,0.0,29.409230079975597,59.638207786984566,0.029670586100222784,0.023801143451618344,0.04284838339862158,1.0010488771707207
4.0,Viernes,125,Metepec,Toluca,0.0,30.385960577960727,54.7066324938806,0.029712158363207366,0.023014495175889764,0.04100009647103464,0.874500926638143
4.0,Viernes,126,Oxtotitlán,Toluca,0.0,29.451628334695275,56.210826983967635,0.028068701736458437,0.023424013826983024,0.04277137872976079,1.002028407943152
4.0,Viernes,128,San Mateo Atenco,Toluca,0.0,37.40466864862315,64.66066391487261,0.026121906189745032,0.02772621859259804,0.06600120144509271,0.9428134857589923
4.0,Viernes,129,Universidad Michoacana de San Nicolás Hidalgo,Morelia,0.0,22.271258276747407,52.0557748390833,2.1879717564209233,0.9426327645351962,1.1355643932714963,1.9203692230411338
4.0,Viernes,134,Cuernavaca 01,Cuernavaca,17.0,29.258209882484465,51.76140052103422,0.02834764761913604,0.01545315880182009,0.04283092124631479,0.63137954432968
4.0,Viernes,136,Tecnológico de Tepic,Tepic,18.0,13.597255561141417,62.03500546235765,0.022595347516889047,0.006910350699731086,0.02256418324690962,0.9373218250962724
4.0,Viernes,137,Primaria Julián Gascón Mercado,Tepic,0.0,12.702342614701458,37.37814061194961,0.020616188244266122,0.011475214269365059,0.022205369690348583,0.6215308761620975
4.0,Viernes,139,Santa Catarina,Monterrey,19.0,26.600235240139025,77.14753070580463,0.0233983637281242,0.015703246962943854,0.029108622655718477,1.140646795344035
4.0,Viernes,140,San Bernabé,Monterrey,19.0,23.20750437622938,70.76210692051839,0.026225344673560747,0.012670169652693306,0.01898218426159056,1.0246262585886274
4.0,Viernes,141,Obispado,Monterrey,19.0,21.73480745825959,56.85499413602579,0.02455365165158541,0.013344849605832595,0.01716064883928813,1.5521487018900306
4.0,Viernes,142,San Nicolás,Monterrey,19.0,23.836081586916873,65.43878657644278,0.02272938817536945,0.015290740575665276,0.020085059777578303,1.3970507593171797
4.0,Viernes,143,La Pastora,Monterrey,19.0,17.88895293229293,52.5873916580478,0.025877776714969453,0.014201064187422847,0.01788900561680879,1.4588588890485448
4.0,Viernes,145,García,Monterrey,19.0,22.33174089435919,76.24804795807357,0.026462484436290713,0.008503675766626287,0.0219845509261152,1.3282767565671612
4.0,Viernes,146,Apodaca,Monterrey,19.0,24.52377300539598,61.01624295151921,0.023639699613848736,0.01774992294760919,0.023424391040715455,1.398685074298847
4.0,Viernes,147,Juárez,Monterrey,19.0,19.644356596882613,59.405704462455525,0.023169314871327992,0.010751850517276602,0.039454133179415894,1.368636618028854
4.0,Viernes,148,San Pedro,Monterrey,19.0,18.40805105868894,60.2950279772785,0.023782658036871396,0.011850656754358322,0.024058972303489558,1.443945317429216
4.0,Viernes,160,CEDART,Oaxaca,20.0,83.58161857593653,34.801166818382676,0.02087290938763586,0.0194616622289021,0.029045245774502338,1.0236953601696894
4.0,Viernes,161,Agua Santa,Puebla,21.0,20.32265958743563,40.42545250795707,0.017547625676860527,0.016150700119862218,0.04086280972138171,1.3920207272231608
4.0,Viernes,162,Las Ninfas,Puebla,21.0,20.00788006832067,54.99149118713118,0.020789557720448555,0.01619553965409502,0.026444068681622652,1.3818626170669603
4.0,Viernes,163,Benemérito Instituto Normal del Estado,Puebla,0.0,18.86676582223415,40.0544285575136,0.019378790391440404,0.014032807726548127,0.02059984234913597,1.613280453651139
4.0,Viernes,220,Palacio de Gobierno,Tlaxcala,29.0,98.37886793267157,273.39974132970326,0.33118734866929206,0.5071309365670846,0.7961229541989621,1.145852627071013
4.0,Viernes,234,Tecnológico,Minatitlán,30.0,74.19272310850093,84.31951761453837,0.02993229895876723,0.00870354391238017,0.030015302610945566,0.6824114942170099
4.0,Viernes,241,Ajusco,Valle de México,9.0,17.6514304583216,,0.03556760141192552,,,
4.0,Viernes,242,Ajusco Medio,Valle de México,9.0,19.851885387396262,34.64479792581756,0.04003919834371475,0.01769066350688678,0.02233462453790936,0.5801710682150404
4.0,Viernes,244,Camarones,Valle de México,9.0,25.645301551062957,48.65232246873237,0.025744647284577753,0.03206060443969736,0.05119777583329934,0.8093058075828019
4.0,Viernes,245,Centro de Ciencias de la Atmósfera,Valle de México,9.0,18.990182830285303,,0.03387973907069707,0.02297971768919855,0.03095089241183089,0.6367191773950216
4.0,Viernes,251,Hospital General de México,Valle de México,9.0,25.42836469193569,44.92703095468465,0.029338742243046282,0.030580064079748507,0.043208386804362696,0.8398683117833575
4.0,Viernes,256,Merced,Valle de México,9.0,26.006920942988163,52.38831093357348,0.026028047632618095,0.03415341527113296,0.05432037718907709,1.0177853559188068
4.0,Viernes,258,Nezahualcóyotl,Valle de México,15.0,24.05159824601952,,0.029728855081795298,0.024694988479399924,0.035375371021164136,0.7504902678361067
4.0,Viernes,260,San Agustín,Valle de México,15.0,23.487973302801038,53.513749316314154,0.026931138776986593,0.02328947615202098,0.036078812881097766,0.6942918503093577
4.0,Viernes,262,Santa Fe,Valle de México,9.0,18.75540870355846,34.466905026565456,0.0336191453702491,0.021692331650146307,0.028190956060071198,0.5256581924942625
4.0,Viernes,263,Miguel Hidalgo,Valle de México,9.0,22.857129803242287,37.75227908554726,0.0300224120408975,0.026960466965112003,0.048018398510651907,0.6934994912659815
4.0,Viernes,266,Tlalnepantla,Valle de México,15.0,24.968050725024504,51.48115198255585,0.025944149900879933,0.031297783824422346,0.051662372756899604,0.8571627870703944
4.0,Viernes,268,UAM Iztapalapa,Valle de México,9.0,24.115985974128293,45.28817113376816,0.029452207888409822,0.027260946157133606,0.0393758487806408,0.6943542768537796
4.0,Viernes,269,UAM Xochimilco,Valle de México,9.0,20.26799390674749,,0.03257194822464921,0.0222392806571689,0.03039222329328773,0.7028531691741062
4.0,Viernes,271,Xalostoc,Valle de México,15.0,30.940538890583372,73.98146306869259,0.02610184788623993,0.031275903124366636,0.0588497631482476,1.0245825183064734
4.0,Viernes,291,Universidad Veracruzana,Poza Rica,0.0,216.23308310896584,229.19255527726688,0.02375443547930878,0.010506506535947677,0.01843211274264069,0.5500282176441064
4.0,Viernes,292,Tulancingo,Tulancingo,13.0,12.739033624188318,26.22398171363279,0.025644768763368755,0.01099118651845584,0.016852500400748243,0.8886601131372583
4.0,Viernes,293,Protección Civil,Guerrero,0.0,21.10428862351254,0.6672400145578113,0.02022636872918542,0.002166135731032716,0.011523929345638955,0.11012007004937324
4.0,Viernes,297,Casa Hogar,Oaxaca,20.0,11.721137392873345,41.08098908201451,0.016857541586349643,0.008379582686335372,0.016843132332643163,0.46650840364858
4.0,Viernes,301,Instituto Nacional de Investigaciones Nucleares,Valle de México,15.0,13.307282496796564,21.53993632318867,0.03811387276940494,,,0.25710462185406235
4.0,Viernes,302,Gustavo A. Madero,Valle de México,9.0,23.72417368553212,45.5797209212541,0.03286832148091784,0.022367343576505886,,
4.0,Viernes,304,Finanzas,Saltillo,5.0,78.10611966827018,78.36149247847312,0.027266296875328798,0.017411143902619764,0.02508041424879177,0.5966366734301807
4.0,Viernes,305,Jurisdicción Sanitaria,Monclova,5.0,259.22938081804944,220.8347159516953,0.03093476589700354,0.007679751782916773,0.01013579812285453,0.30531806107720943
4.0,Viernes,306,Centro de Rehabilitación DIF,Piedras Negras,5.0,217.08458854182726,249.28355619976077,0.021946793097663758,0.005598286279172449,0.009093674291535373,0.343728120091179
4.0,Viernes,352,Presidencia Municipal,San Miguel de Allende,0.0,11.824047775708655,,,,,
4.0,Viernes,356,Presidencia Municipal,Abasolo,0.0,12.634622828529245,,,,,
4.0,Viernes,358,Presidencia Municipal,San Luis de la Paz,0.0,10.359248534592234,,,,,
4.0,Viernes,359,Universidad Gto Sede Belen,Guanajuato,0.0,10.91059144243924,,,,,
4.0,Viernes,388,Palacio Municipal,Morelia,0.0,28.31987713053292,,0.0322253063664893,0.014624775533108826,0.016182990620490577,0.48569942216652745
4.0,Viernes,424,Cadereyta,Monterrey,19.0,18.2838700932377,56.92537022274874,0.024600268316877377,0.008424553406306804,0.01649029344913998,1.0621892436997855
4.0,Viernes,425,Universidad,Monterrey,0.0,19.431415129786014,61.64795387153367,0.02164982284827963,0.01523076083175797,0.027988756505156354,1.4076120307656272
4.0,Viernes,426,Pueblo Serena,Monterrey,19.0,11.41875356450333,42.347127866975114,0.03344320905543726,0.00977026846653794,0.007720558765933402,0.8285961822585863
5.0,Sábado,32,Secretaría de Medio Ambiente,Aguascalientes,0.0,191.64779327564946,117.9055804945031,0.7495048584277191,1.5575131728066376,2.412909008638208,0.8910184957665904
5.0,Sábado,33,Centro,Aguascalientes,1.0,84.32422496906116,80.63258055626763,5.020333450307215,5.393703040308598,6.922697567598244,2.2350940797505072
5.0,Sábado,53,SUR,Chihuahua,8.0,20.27831160480571,67.5134305287936,0.027687470301723957,0.012252950746831007,0.01915451158467741,1.0661927005855485
5.0,Sábado,56,CONALEP,Torreón,5.0,19.7938265737193,61.66023648998606,0.02191647578002925,0.008873526971419618,0.038027134631088276,26.89308518780968
5.0,Sábado,59,IPN,Durango,10.0,22.945601130019128,73.11224023718859,0.36138396970434034,0.02200176538946145,0.040908365405184714,2.161666096846104
5.0,Sábado,60,SRNyMA,Durango,10.0,33.31970569417457,32.60648192830028,0.01559580253213889,0.010206008544127648,0.027726913374741785,2.006340662268315
5.0,Sábado,68,Policía,Celaya,0.0,22.76814770398265,59.9923979297523,0.02851259757560988,0.01391196147322861,0.019727606466921937,1.08249876194943
5.0,Sábado,70,San Juanico,Celaya,0.0,26.040577136227594,74.89313161874827,0.02996352115687043,0.013784602043262938,0.02614740468797385,1.3606677641836555
5.0,Sábado,72,Bomberos,Irapuato,0.0,18.525692439038956,52.85501665756736,0.029196939479303925,0.013289898871586405,0.030171225737522178,1.4385245787247805
5.0,Sábado,73,Teódula,Irapuato,0.0,19.059926494470993,54.032944066763456,0.03347117405566658,0.012584814566647392,0.024807354655279192,1.0520269364606125
5.0,Sábado,74,CICEG - Bomberos,León,0.0,18.763667648211598,61.47091930288216,0.026720222355003348,0.018688450026857522,0.0315676929751611,1.1659642557650574
5.0,Sábado,75,Facultad de Medicina,León,0.0,21.193323738102084,58.21883850631214,0.027281719104881655,0.020010747113821076,0.03744187508249846,0.7523513128411371
5.0,Sábado,77,Cruz roja,Salamanca,0.0,21.784095057613133,47.03137692737921,0.02369017908455983,0.015254326790558857,0.024110460631403142,1.2350619203701951
5.0,Sábado,78,DIF,Salamanca,0.0,22.29569770321214,53.10648864846026,0.026203195502558813,0.014373944537880486,0.027166328766223064,0.9800398590017294
5.0,Sábado,82,Centro de Salud,Atitalaquia,13.0,22.00648989991658,70.69942304294912,0.02085722476689643,0.014502059610058144,0.02797727911684891,0.9358680203137099
5.0,Sábado,84,Estación de Bomberos de Cd. Sahagún,Tepeapulco,13.0,130.6980813010478,124.53496987863392,0.027881794711263577,0.007852781618162231,0.01551168708010073,0.6169878826403662
5.0,Sábado,85,Hospital,Huichapan,13.0,138.66293000241106,127.03936337134286,0.03197822629015949,0.008869374768755356,0.015428203773483034,0.504316436279497
5.0,Sábado,87,Primaria Melchor Ocampo,Tepeji,0.0,19.703068337383808,35.625224111281646,0.023677449602871083,0.014135262056948981,0.025941616249118605,0.6944491180391741
5.0,Sábado,92,Jardín del Maestro,Pachuca,13.0,21.202684223037632,18.436134638093993,0.032731974584672835,0.010496256930103304,0.02000907839583991,1.0678642406257577
5.0,Sábado,93,Museo del Rehilete,Pachuca,13.0,17.082680301101853,31.729766091776064,0.02937430819950647,0.01044941442103327,0.017168624056725236,0.44336253400262615
5.0,Sábado,102,Centro,Guadalajara,0.0,24.090779226279555,37.91073092102819,0.025445626591843882,0.021301834336208747,0.03287514062596009,0.7426626737037448
5.0,Sábado,103,Las Águilas,Guadalajara,0.0,26.35640466045815,30.756752020181636,0.02792545233984033,0.025549290063938756,0.037529914481906686,0.8517249756653523
5.0,Sábado,106,Miravalle,Guadalajara,0.0,27.484128896829983,59.90221216462446,0.02434803741557981,0.025086240246291403,0.053357648191284635,0.9436814797815217
5.0,Sábado,109,Tlaquepaque,Guadalajara,0.0,29.898678318085445,45.83655642876285,0.025803105157744997,0.025756789096650468,0.04584858755480474,1.1623189953903532
5.0,Sábado,123,Ceboruco,Toluca,0.0,29.070080799118067,58.6000905687842,0.030607915151336706,0.02399570407841299,0.04212946841697807,0.985470027201533
5.0,Sábado,125,Metepec,Toluca,0.0,30.402653815439855,54.93517684161426,0.03023416274258911,0.02338471337911871,0.03983284097854702,0.8601454643048846
5.0,Sábado,126,Oxtotitlán,Toluca,0.0,28.055389123739193,53.20870548238305,0.02843939438667322,0.023257921845926524,0.041137889682714035,0.9464950386428823
5.0,Sábado,128,San Mateo Atenco,Toluca,0.0,36.9130710626995,65.35349889642782,0.026736101804383162,0.028381761374895217,0.061917216055675316,0.9252701555510607
5.0,Sábado,129,Universidad Michoacana de San Nicolás Hidalgo,Morelia,0.0,21.07212853793155,41.97310770923263,1.8150369164602642,0.43827530446474433,1.2738100318004846,4.096958934583934
5.0,Sábado,134,Cuernavaca 01,Cuernavaca,17.0,42.40188352405833,57.33502477312966,0.028513725950435297,0.016348165043273258,0.05096292133964637,0.7036495543838678
5.0,Sábado,136,Tecnológico de Tepic,Tepic,18.0,33.81584430361829,65.10513534434351,0.023192968294160513,0.007039650355159291,0.02095654598673009,0.47700063395203335
5.0,Sábado,137,Primaria Julián Gascón Mercado,Tepic,0.0,12.255390639918708,37.57017172824979,0.021088346307817866,0.011218275152288274,0.023259365275370175,0.6386945438196628
5.0,Sábado,139,Santa Catarina,Monterrey,19.0,25.76513003111207,74.48311304574412,0.024221182484514773,0.01596977666595886,0.02687565657613865,1.179852964720787
5.0,Sábado,140,San Bernabé,Monterrey,19.0,23.73664897293845,70.456928806285,0.02783675902716507,0.01190671856018607,0.02055872701700787,0.9923707059818647
5.0,Sábado,141,Obispado,Monterrey,19.0,21.483604435973756,56.20853961876381,0.024392067557957173,0.013116082195138703,0.02006370666911385,1.488026977423051
5.0,Sábado,142,San Nicolás,Monterrey,19.0,23.422220222683226,64.21751132810822,0.022981671232323333,0.013863508612614085,0.016945571299171798,1.370747395846232
5.0,Sábado,143,La Pastora,Monterrey,19.0,18.003157471360165,51.828995871806676,0.026234528682293017,0.013098688324844236,0.01702952829929728,1.447490747382905
5.0,Sábado,145,García,Monterrey,19.0,22.89140439178996,76.25746997691725,0.026988897554561485,0.008173290496790352,0.0260486116069532,1.2691468566633617
5.0,Sábado,146,Apodaca,Monterrey,19.0,24.694803727325063,59.82969225248388,0.02353004836867277,0.018129217700453622,0.019764701534895877,1.1680175779923572
5.0,Sábado,147,Juárez,Monterrey,19.0,20.140317511523712,59.30227090057098,0.023969168675421492,0.011113612032409117,0.04690921361098753,1.4069893111514404
5.0,Sábado,148,San Pedro,Monterrey,19.0,19.014349391126615,59.5173214673174,0.02384247061605134,0.01136590947189696,0.021739048858396247,1.4725997657671714
5.0,Sábado,160,CEDART,Oaxaca,20.0,134.44047863436015,34.82263995826909,0.022577881131777697,0.020121732000853664,0.029065718785039402,1.0109100370027753
5.0,Sábado,161,Agua Santa,Puebla,21.0,19.710641211661716,39.98357979357732,0.018524277840077336,0.017026984704491505,0.04127876903944541,1.3891318674676878
5.0,Sábado,162,Las Ninfas,Puebla,21.0,17.908242331167465,52.36467440755067,0.020579612999129443,0.01648237140860551,0.02490681696469727,1.4066100002792108
5.0,Sábado,163,Benemérito Instituto Normal del Estado,Puebla,0.0,18.70966224154539,37.5917608602517,0.0212800233616461,0.012413802880057893,0.016864721758657105,1.5660274289828047
5.0,Sábado,220,Palacio de Gobierno,Tlaxcala,29.0,90.71602482756619,261.9062056703852,0.7209270687497704,0.467902765414703,0.7289682833688242,1.119839723761126
5.0,Sábado,234,Tecnológico,Minatitlán,30.0,71.81389788744764,81.24513963525736,0.025205311546844675,0.007820592053929884,0.027135816117919407,0.6361725885968339
5.0,Sábado,241,Ajusco,Valle de México,9.0,16.25104246665515,,0.03436015402954849,,,
5.0,Sábado,242,Ajusco Medio,Valle de México,9.0,17.410326607664324,30.95512505839364,0.03897942666121758,0.016989934412166757,0.0207380399622018,0.5635135334435579
5.0,Sábado,244,Camarones,Valle de México,9.0,24.66913265521769,45.65974488024543,0.025115306334209973,0.030500703402801914,0.04679953871285626,0.7554996845461713
5.0,Sábado,245,Centro de Ciencias de la Atmósfera,Valle de México,9.0,17.389425713507045,,0.03234909087135863,0.02238710115673036,0.029761872204876864,0.6029624874211535
5.0,Sábado,251,Hospital General de México,Valle de México,9.0,23.786209259379522,41.714660431533474,0.02974374319158311,0.030300999669349175,0.04098566696370121,0.8017411913498759
5.0,Sábado,256,Merced,Valle de México,9.0,24.307378532265748,50.032500784741394,0.02581223600819867,0.03390647984062386,0.05204833289913299,0.9710892937841358
5.0,Sábado,258,Nezahualcóyotl,Valle de México,15.0,22.632259487599715,,0.028788780927084,0.024718392528208916,0.0340031666820869,0.7479832232964442
5.0,Sábado,260,San Agustín,Valle de México,15.0,22.797936480066912,49.99171138967562,0.026193089709388818,0.022674605039179903,0.035211076310310674,0.6611213357873024
5.0,Sábado,262,Santa Fe,Valle de México,9.0,18.322163210404543,33.29678449313716,0.032297256264135224,0.020971109809318593,0.02674724089521921,0.520905392876697
5.0,Sábado,263,Miguel Hidalgo,Valle de México,9.0,20.40357286378173,33.39807457183576,0.02872387386930381,0.0267389382665087,0.04475149819845637,0.6947386065080073
5.0,Sábado,266,Tlalnepantla,Valle de México,15.0,24.430258735720138,49.203588770724956,0.025515073094273377,0.030894647287952656,0.04994075319782926,0.8347582491207569
5.0,Sábado,268,UAM Iztapalapa,Valle de México,9.0,23.714664196032754,44.065595829410135,0.029572797115126448,0.02712455696378765,0.03643609179786673,0.6920752871628179
5.0,Sábado,269,UAM Xochimilco,Valle de México,9.0,19.449392785186188,,0.031519701437435425,0.02273490232733779,0.02777791303563937,0.6883473046545243
5.0,Sábado,271,Xalostoc,Valle de México,15.0,28.3596692865734,70.87849952736799,0.02595960501234523,0.030226829079428367,0.05863582671503255,0.9391256256756908
5.0,Sábado,291,Universidad Veracruzana,Poza Rica,0.0,211.3899353991419,231.46772316551488,0.02473125884671359,0.011623119922421092,0.019449232377293853,0.6741568585826265
5.0,Sábado,292,Tulancingo,Tulancingo,13.0,12.816480401551715,25.29314262351041,0.026789444207311643,0.011389965764929207,0.016963048338548045,0.8607300475347645
5.0,Sábado,293,Protección Civil,Guerrero,0.0,20.513217027212317,0.6813835316180236,0.0204658541598967,0.00169578006129074,0.008085103874513538,0.06340262570013364
5.0,Sábado,297,Casa Hogar,Oaxaca,20.0,15.479248792270532,49.70747223790702,0.01795294864145968,0.009710010735373009,0.018892139694041826,0.45568872085696277
5.0,Sábado,301,Instituto Nacional de Investigaciones Nucleares,Valle de México,15.0,13.589001725152936,21.477759745313918,0.037552600039547725,,,0.2611970164232184
5.0,Sábado,302,Gustavo A. Madero,Valle de México,9.0,22.850623480901564,43.467728862303616,0.031841307013052725,0.02311400055114426,,
5.0,Sábado,304,Finanzas,Saltillo,5.0,124.65182063211476,173.379365182296,0.026793611576723296,0.017506707268908506,0.026467365133870522,0.6087955861061869
5.0,Sábado,305,Jurisdicción Sanitaria,Monclova,5.0,316.0393442420315,267.48352534463095,0.04113281842568219,0.00737116495234079,0.009499068680179015,0.273794280193293
5.0,Sábado,306,Centro de Rehabilitación DIF,Piedras Negras,5.0,241.04997851414132,250.52933707864253,0.022962450352588402,0.006030997762912382,0.00869717286864581,0.32287467078665516
5.0,Sábado,352,Presidencia Municipal,San Miguel de Allende,0.0,12.12470593421643,,,,,
5.0,Sábado,356,Presidencia Municipal,Abasolo,0.0,12.694917402261101,,,,,
5.0,Sábado,358,Presidencia Municipal,San Luis de la Paz,0.0,10.548334250566493,,,,,
5.0,Sábado,359,Universidad Gto Sede Belen,Guanajuato,0.0,11.611716949012898,,,,,
5.0,Sábado,388,Palacio Municipal,Morelia,0.0,19.269826563768795,,0.03272844499943967,0.012847042823642461,0.013986174242424198,0.317644242770959
5.0,Sábado,424,Cadereyta,Monterrey,19.0,19.779620851474043,56.460020049113254,0.022557173257381023,0.00955774086771729,0.01911564560739531,1.0095749583278433
5.0,Sábado,425,Universidad,Monterrey,0.0,21.720373578323887,62.764570756299634,0.02196647835828038,0.01415427436833557,0.026017002184729465,1.4412765986017477
5.0,Sábado,426,Pueblo Serena,Monterrey,19.0,11.586073178546185,40.088462199903844,0.03130321411785939,0.008906028699878785,0.006163142780461597,0.9102819278515789
6.0,Domingo,32,Secretaría de Medio Ambiente,Aguascalientes,0.0,119.58637850929615,78.10753213182333,1.9582267524911374,1.5379892446360262,2.020780718498897,0.7834221418296208
6.0,Domingo,33,Centro,Aguascalientes,1.0,101.50638571794288,99.18389318297903,4.134795839968196,5.105075939759913,7.524969507499232,1.2878841122249716
6.0,Domingo,53,SUR,Chihuahua,8.0,27.68479579255854,60.661948320691565,0.02789824574228021,0.011862910440546102,0.027382602604282196,0.9782894287271745
6.0,Domingo,56,CONALEP,Torreón,5.0,18.88905916450629,66.16824295767842,0.0207483409053665,0.006221972473625458,0.02854865608823407,25.835301242077353
6.0,Domingo,59,IPN,Durango,10.0,22.63126901747155,70.5803091480426,0.50498233549781,0.01898219075955328,0.03523501732550122,1.8957318934277432
6.0,Domingo,60,SRNyMA,Durango,10.0,30.106800648789136,32.21915202546544,0.016070893814989513,0.007450629113094699,0.018609559195513596,2.106815995032873
6.0,Domingo,68,Policía,Celaya,0.0,17.19244493724468,62.07293260266606,0.027869980153332242,0.014487660102302095,0.021092682005517525,1.1181789841716459
6.0,Domingo,70,San Juanico,Celaya,0.0,32.31254552917316,75.7799413863485,0.029552867524638163,0.13704511496905844,0.3740954005173464,1.3691311499203698
6.0,Domingo,72,Bomberos,Irapuato,0.0,17.95599685213317,51.1475320497873,0.028440848124860904,0.013755312962061969,0.030875440992415747,1.5033969620205407
6.0,Domingo,73,Teódula,Irapuato,0.0,19.77936866768536,52.665758824700355,0.03214142901837981,0.013368558416492616,0.025617720298122097,1.0566199402456617
6.0,Domingo,74,CICEG - Bomberos,León,0.0,28.33973736270937,57.37942297867618,0.026217664414484594,0.019590195606210805,0.034118920220559866,1.206107812305635
6.0,Domingo,75,Facultad de Medicina,León,0.0,18.43752716714247,52.45233767827384,0.02727545545471011,0.02081265339853121,0.0387833863784933,0.7335132224498352
6.0,Domingo,77,Cruz roja,Salamanca,0.0,21.127872175179846,46.868496726086775,0.023592066648261776,0.01543574479965309,0.02369081469742932,1.2932367935903972
6.0,Domingo,78,DIF,Salamanca,0.0,22.347480051799685,50.67810110604003,0.025958603315814854,0.014147451216290697,0.026154635306079733,0.9300028441941927
6.0,Domingo,82,Centro de Salud,Atitalaquia,13.0,23.046154403595935,68.21744301372195,0.02036031512280755,0.013694211215552116,0.02827805633151845,0.9294688397834955
6.0,Domingo,84,Estación de Bomberos de Cd. Sahagún,Tepeapulco,13.0,122.22574748789897,163.57534183726153,0.0270194246165592,0.008254640826501958,0.0172914378299504,0.6037166930717823
6.0,Domingo,85,Hospital,Huichapan,13.0,73.53195278958634,96.15818275086234,0.02965010238978126,0.007721979483841459,0.014003334074458357,0.41663058058019814
6.0,Domingo,87,Primaria Melchor Ocampo,Tepeji,0.0,19.36972033736521,35.58988564304488,0.022165709818586118,0.014646333119203127,0.03195154455396247,0.7614680560450695
6.0,Domingo,92,Jardín del Maestro,Pachuca,13.0,23.3303073247368,20.495222853951223,0.031886210396698186,0.010159420002438213,0.023418202426495033,1.190798975684724
6.0,Domingo,93,Museo del Rehilete,Pachuca,13.0,17.20045004349674,32.004055011552936,0.029103203404478754,0.011367684191717492,0.01765041009261555,0.45670747895095865
6.0,Domingo,102,Centro,Guadalajara,0.0,27.51207298856186,37.76601256819302,0.025287420625209674,0.02070578830070068,0.0323702760821729,0.7017096994637646
6.0,Domingo,103,Las Águilas,Guadalajara,0.0,26.47965028405144,30.242508201240344,0.02683346362172559,0.024192311084864245,0.03606787145253807,0.8662489555624808
6.0,Domingo,106,Miravalle,Guadalajara,0.0,32.20106357964874,60.443518197254754,0.023059633674435028,0.0241000679123083,0.0361906506834265,0.9376758475349487
6.0,Domingo,109,Tlaquepaque,Guadalajara,0.0,29.408012346949388,47.77312496784181,0.02529117927835905,0.022424377177228363,0.04057579120213135,1.1239360582491622
6.0,Domingo,123,Ceboruco,Toluca,0.0,29.309970666910914,58.99955871747596,0.029995873781450758,0.02400481484214675,0.04435171452876345,1.013737930571706
6.0,Domingo,125,Metepec,Toluca,0.0,31.119651816249885,54.22406319045411,0.02968521280657626,0.023383027942204777,0.03981150982212829,0.8770140650457197
6.0,Domingo,126,Oxtotitlán,Toluca,0.0,27.78022752286175,52.745285903453606,0.027962356736380128,0.023451144872925125,0.041789804916187466,1.0368627674038289
6.0,Domingo,128,San Mateo Atenco,Toluca,0.0,38.59530914282097,66.39191566278521,0.026872360003372193,0.027209234412310497,0.060147209420403296,0.934675141891745
6.0,Domingo,129,Universidad Michoacana de San Nicolás Hidalgo,Morelia,0.0,23.65970768236393,48.292404676470916,2.142709679427047,0.8396327125742952,1.5354003293686331,1.9295313283208018
6.0,Domingo,134,Cuernavaca 01,Cuernavaca,17.0,39.406711918154535,53.55297598026717,0.028431463924862902,0.015208803023712464,0.04727453114105365,0.6776896524973159
6.0,Domingo,136,Tecnológico de Tepic,Tepic,18.0,22.031915369052022,63.76616140108578,0.02285471778627017,0.007584791973531555,0.02292632831017019,1.2355086606544075
6.0,Domingo,137,Primaria Julián Gascón Mercado,Tepic,0.0,12.45316566004142,37.07063874942602,0.02069357502247689,0.01160638819061735,0.021119957920152886,0.6020121040742874
6.0,Domingo,139,Santa Catarina,Monterrey,19.0,24.964846684390412,74.53694252145978,0.023438223092263254,0.016123760820315507,0.03313422607278186,1.1492399987722086
6.0,Domingo,140,San Bernabé,Monterrey,19.0,22.266443854953927,69.92186583421888,0.027027860966781992,0.011265582461799989,0.026647777020855013,1.0142677342164887
6.0,Domingo,141,Obispado,Monterrey,19.0,21.690676202869298,55.56598072773061,0.0249924797055405,0.013021879770258456,0.022958278008923718,1.45682282347431
6.0,Domingo,142,San Nicolás,Monterrey,19.0,24.014848300453206,65.97548712100776,0.02258879973498265,0.014046464050186985,0.020993349617756174,1.383764310327227
6.0,Domingo,143,La Pastora,Monterrey,19.0,17.374321379416834,52.846351177950126,0.025690337350877696,0.01312898943475868,0.017997067481884014,1.4497067615365233
6.0,Domingo,145,García,Monterrey,19.0,18.534216991793745,78.49395231127386,0.027219241562271127,0.0076627326660537775,0.020604644446311653,1.2551395552532436
6.0,Domingo,146,Apodaca,Monterrey,19.0,25.416272121481168,59.70164042853419,0.025185796871637516,0.016800159777311197,0.015447590023436245,1.1564238772206847
6.0,Domingo,147,Juárez,Monterrey,19.0,20.68643487078386,61.71556765655154,0.024101560974974068,0.011175091848326725,0.04721204265917616,1.4517139163117425
6.0,Domingo,148,San Pedro,Monterrey,19.0,18.089701760754302,59.8277277617391,0.023409381615047197,0.01085281539369504,0.02197910840443688,1.470593845879744
6.0,Domingo,160,CEDART,Oaxaca,20.0,120.92960941268528,36.423945601277566,0.022277914062733738,0.0204712527530025,0.03087224130828246,1.0969828772639938
6.0,Domingo,161,Agua Santa,Puebla,21.0,19.777461108868142,41.25903547411702,0.017401654172840838,0.01673812481071978,0.04486275411546335,1.4674746257994942
6.0,Domingo,162,Las Ninfas,Puebla,21.0,19.61179017556027,54.33288880816792,0.020662395977660765,0.017102674087146826,0.02853161528454083,2.0659547085407737
6.0,Domingo,163,Benemérito Instituto Normal del Estado,Puebla,0.0,20.056937061511196,40.106217758662574,0.02007598200730547,0.01342871604159816,0.020953067175491585,1.5539438149375215
6.0,Domingo,220,Palacio de Gobierno,Tlaxcala,29.0,108.65741481313889,271.6443273569762,0.3192663227940744,0.18113430517764642,0.257441929843766,1.2313072241707905
6.0,Domingo,234,Tecnológico,Minatitlán,30.0,71.87107370504562,80.87615786042805,0.02851096650513115,0.010115082933347388,0.030800161208456855,0.6680507242127833
6.0,Domingo,241,Ajusco,Valle de México,9.0,17.203941017707965,,0.03531096155507972,,,
6.0,Domingo,242,Ajusco Medio,Valle de México,9.0,20.49685819257152,34.50078067596414,0.041081886270885645,0.01790723600164614,0.022261364869105023,0.578613882121573
6.0,Domingo,244,Camarones,Valle de México,9.0,26.127362580246885,47.148634630415515,0.025428767358049206,0.03196279949116422,0.051840907236478724,0.8240770115136811
6.0,Domingo,245,Centro de Ciencias de la Atmósfera,Valle de México,9.0,18.33882344794793,,0.033506774263635845,0.023338190170724193,0.03149955895459564,0.6451508841940884
6.0,Domingo,251,Hospital General de México,Valle de México,9.0,25.78382270958401,44.034725540542354,0.03092971805149026,0.031112719003121236,0.04391891308489097,0.8329983611364672
6.0,Domingo,256,Merced,Valle de México,9.0,25.326472983190094,51.07688470035049,0.026275780675145754,0.033997080048148116,0.05499522263753909,1.0110349487749968
6.0,Domingo,258,Nezahualcóyotl,Valle de México,15.0,23.527156971615504,,0.029398959398839533,0.024674514492138616,0.03484031381285917,0.7402050535803307
6.0,Domingo,260,San Agustín,Valle de México,15.0,23.02030621636416,51.69598701925928,0.02653938326181964,0.023701770658032605,0.03901612401044134,0.7213679713519712
6.0,Domingo,262,Santa Fe,Valle de México,9.0,19.15599034993138,34.16849852601385,0.03442768144290412,0.022162720632281193,0.030164807778963035,0.5358285343652167
6.0,Domingo,263,Miguel Hidalgo,Valle de México,9.0,23.958450669473052,37.48221201896126,0.029304817249052643,0.028384900184494286,0.04951575747376657,0.7416454950113321
6.0,Domingo,266,Tlalnepantla,Valle de México,15.0,25.16686743268981,50.62882444229086,0.02549212798619709,0.031850609968206364,0.053657646597010285,0.8548131468068313
6.0,Domingo,268,UAM Iztapalapa,Valle de México,9.0,23.98897322081747,44.30772489966639,0.029905948586655802,0.027584312787616815,0.041107142446270534,0.7340656445511659
6.0,Domingo,269,UAM Xochimilco,Valle de México,9.0,20.432826267390546,,0.03132676513783994,0.02298296045924475,0.032024412879906726,0.718307278446428
6.0,Domingo,271,Xalostoc,Valle de México,15.0,30.735785095584106,71.5183835373422,0.026238374770650157,0.031310336764141224,0.06269893580531606,1.0015181658803494
6.0,Domingo,291,Universidad Veracruzana,Poza Rica,0.0,168.7821231711205,190.79128646715603,0.024311478317015734,0.010944375170836889,0.01980515015854156,0.6038542066358676
6.0,Domingo,292,Tulancingo,Tulancingo,13.0,13.454047927286595,26.238901574197993,0.026282054564744653,0.011335406296349663,0.017159274477885064,0.9172674969241326
6.0,Domingo,293,Protección Civil,Guerrero,0.0,19.197466439494576,0.7714019846031618,0.019411543151886902,0.0015249218662341582,0.003237418534763207,0.02291667732038959
6.0,Domingo,297,Casa Hogar,Oaxaca,20.0,12.91928267834679,44.430351692946495,0.01724412793501784,0.009877293836598145,0.019207428571428535,0.48644064076882404
6.0,Domingo,301,Instituto Nacional de Investigaciones Nucleares,Valle de México,15.0,14.269963871720186,22.00085356729978,0.03698883309172303,,,0.2685884526022778
6.0,Domingo,302,Gustavo A. Madero,Valle de México,9.0,25.47227879905166,45.64160510383336,0.031573190250607716,0.02297349113988564,,
6.0,Domingo,304,Finanzas,Saltillo,5.0,105.88015178514668,104.1271166968599,0.0252374625406215,0.01667701247460783,0.02551784681077914,0.6154759438954461
6.0,Domingo,305,Jurisdicción Sanitaria,Monclova,5.0,259.15005446855946,211.8528343774227,0.03038000646839589,0.006920856016075851,0.00898746500946841,0.298983098263634
6.0,Domingo,306,Centro de Rehabilitación DIF,Piedras Negras,5.0,239.12999577183982,233.4175233519958,0.02135029241217671,0.006323727828052182,0.010319220931690102,0.3458799757277837
6.0,Domingo,352,Presidencia Municipal,San Miguel de Allende,0.0,11.352008642300703,,,,,
6.0,Domingo,356,Presidencia Municipal,Abasolo,0.0,12.675631115323666,,,,,
6.0,Domingo,358,Presidencia Municipal,San Luis de la Paz,0.0,9.949139957169443,,,,,
6.0,Domingo,359,Universidad Gto Sede Belen,Guanajuato,0.0,11.054826326340164,,,,,
6.0,Domingo,388,Palacio Municipal,Morelia,0.0,21.423339653806323,,0.030442410624619085,0.01274139332618861,0.014781213704994156,0.42658880471380467
6.0,Domingo,424,Cadereyta,Monterrey,19.0,18.306608327613286,55.339979544013566,0.02334981472574642,0.008407307151348811,0.0160339833504368,1.0136966818517288
6.0,Domingo,425,Universidad,Monterrey,0.0,18.612959787707325,67.28390889534086,0.02108350958017345,0.013354501580956976,0.0254489588524701,1.4908347767792849
6.0,Domingo,426,Pueblo Serena,Monterrey,19.0,10.657301855242725,42.232676026776424,0.02687530797101446,0.0099966816534914,0.007936143550125743,0.9141748578461965
